{
    "Pals": [
        {
            "key": {
                "PlayerUId": {
                    "struct_type": "Guid",
                    "struct_id": "00000000-0000-0000-0000-000000000000",
                    "id": null,
                    "value": "00000000-0000-0000-0000-000000000001",
                    "type": "StructProperty"
                },
                "InstanceId": {
                    "struct_type": "Guid",
                    "struct_id": "00000000-0000-0000-0000-000000000000",
                    "id": null,
                    "value": "5e20ed57-4b10-0d7b-cfe8-5bac34102d58",
                    "type": "StructProperty"
                },
                "DebugName": {
                    "id": null,
                    "value": "",
                    "type": "StrProperty"
                }
            },
            "value": {
                "RawData": {
                    "array_type": "ByteProperty",
                    "id": null,
                    "value": {
                        "object": {
                            "SaveParameter": {
                                "struct_type": "PalIndividualCharacterSaveParameter",
                                "struct_id": "00000000-0000-0000-0000-000000000000",
                                "id": null,
                                "value": {
                                    "CharacterID": {
                                        "id": null,
                                        "value": "GrassPanda",
                                        "type": "NameProperty"
                                    },
                                    "Gender": {
                                        "id": null,
                                        "value": {
                                            "type": "EPalGenderType",
                                            "value": "EPalGenderType::Female"
                                        },
                                        "type": "EnumProperty"
                                    },
                                    "Level": {
                                        "id": null,
                                        "value": 26,
                                        "type": "IntProperty"
                                    },
                                    "Exp": {
                                        "id": null,
                                        "value": 34471,
                                        "type": "IntProperty"
                                    },
                                    "EquipWaza": {
                                        "array_type": "EnumProperty",
                                        "id": null,
                                        "value": {
                                            "values": [
                                                "EPalWazaID::Unique_GrassPanda_MusclePunch",
                                                "EPalWazaID::ThrowRock",
                                                "EPalWazaID::SeedMachinegun"
                                            ]
                                        },
                                        "type": "ArrayProperty"
                                    },
                                    "MasteredWaza": {
                                        "array_type": "EnumProperty",
                                        "id": null,
                                        "value": {
                                            "values": [
                                                "EPalWazaID::WaterGun",
                                                "EPalWazaID::DragonCanon",
                                                "EPalWazaID::DragonWave",
                                                "EPalWazaID::AcidRain",
                                                "EPalWazaID::DragonBreath",
                                                "EPalWazaID::FlareArrow"
                                            ]
                                        },
                                        "type": "ArrayProperty"
                                    },
                                    "HP": {
                                        "struct_type": "FixedPoint64",
                                        "struct_id": "00000000-0000-0000-0000-000000000000",
                                        "id": null,
                                        "value": {
                                            "Value": {
                                                "id": null,
                                                "value": 2160000,
                                                "type": "Int64Property"
                                            }
                                        },
                                        "type": "StructProperty"
                                    },
                                    "Talent_HP": {
                                        "id": null,
                                        "value": 59,
                                        "type": "IntProperty"
                                    },
                                    "Talent_Melee": {
                                        "id": null,
                                        "value": 11,
                                        "type": "IntProperty"
                                    },
                                    "Talent_Shot": {
                                        "id": null,
                                        "value": 8,
                                        "type": "IntProperty"
                                    },
                                    "Talent_Defense": {
                                        "id": null,
                                        "value": 64,
                                        "type": "IntProperty"
                                    },
                                    "FullStomach": {
                                        "id": null,
                                        "value": 181.57974243164062,
                                        "type": "FloatProperty"
                                    },
                                    "PassiveSkillList": {
                                        "array_type": "NameProperty",
                                        "id": null,
                                        "value": {
                                            "values": [
                                                "ElementResist_Normal_1_PAL"
                                            ]
                                        },
                                        "type": "ArrayProperty"
                                    },
                                    "MP": {
                                        "struct_type": "FixedPoint64",
                                        "struct_id": "00000000-0000-0000-0000-000000000000",
                                        "id": null,
                                        "value": {
                                            "Value": {
                                                "id": null,
                                                "value": 100000,
                                                "type": "Int64Property"
                                            }
                                        },
                                        "type": "StructProperty"
                                    },
                                    "OwnedTime": {
                                        "struct_type": "DateTime",
                                        "struct_id": "00000000-0000-0000-0000-000000000000",
                                        "id": null,
                                        "value": 638414921987490000,
                                        "type": "StructProperty"
                                    },
                                    "OwnerPlayerUId": {
                                        "struct_type": "Guid",
                                        "struct_id": "00000000-0000-0000-0000-000000000000",
                                        "id": null,
                                        "value": "00000000-0000-0000-0000-000000000001",
                                        "type": "StructProperty"
                                    },
                                    "OldOwnerPlayerUIds": {
                                        "array_type": "StructProperty",
                                        "id": null,
                                        "value": {
                                            "prop_name": "OldOwnerPlayerUIds",
                                            "prop_type": "StructProperty",
                                            "values": [
                                                "00000000-0000-0000-0000-000000000001"
                                            ],
                                            "type_name": "Guid",
                                            "id": "00000000-0000-0000-0000-000000000000"
                                        },
                                        "type": "ArrayProperty"
                                    },
                                    "MaxHP": {
                                        "struct_type": "FixedPoint64",
                                        "struct_id": "00000000-0000-0000-0000-000000000000",
                                        "id": null,
                                        "value": {
                                            "Value": {
                                                "id": null,
                                                "value": 2160000,
                                                "type": "Int64Property"
                                            }
                                        },
                                        "type": "StructProperty"
                                    },
                                    "CraftSpeed": {
                                        "id": null,
                                        "value": 70,
                                        "type": "IntProperty"
                                    },
                                    "CraftSpeeds": {
                                        "array_type": "StructProperty",
                                        "id": null,
                                        "value": {
                                            "prop_name": "CraftSpeeds",
                                            "prop_type": "StructProperty",
                                            "values": [
                                                {
                                                    "WorkSuitability": {
                                                        "id": null,
                                                        "value": {
                                                            "type": "EPalWorkSuitability",
                                                            "value": "EPalWorkSuitability::EmitFlame"
                                                        },
                                                        "type": "EnumProperty"
                                                    },
                                                    "Rank": {
                                                        "id": null,
                                                        "value": 0,
                                                        "type": "IntProperty"
                                                    }
                                                },
                                                {
                                                    "WorkSuitability": {
                                                        "id": null,
                                                        "value": {
                                                            "type": "EPalWorkSuitability",
                                                            "value": "EPalWorkSuitability::Watering"
                                                        },
                                                        "type": "EnumProperty"
                                                    },
                                                    "Rank": {
                                                        "id": null,
                                                        "value": 0,
                                                        "type": "IntProperty"
                                                    }
                                                },
                                                {
                                                    "WorkSuitability": {
                                                        "id": null,
                                                        "value": {
                                                            "type": "EPalWorkSuitability",
                                                            "value": "EPalWorkSuitability::Seeding"
                                                        },
                                                        "type": "EnumProperty"
                                                    },
                                                    "Rank": {
                                                        "id": null,
                                                        "value": 2,
                                                        "type": "IntProperty"
                                                    }
                                                },
                                                {
                                                    "WorkSuitability": {
                                                        "id": null,
                                                        "value": {
                                                            "type": "EPalWorkSuitability",
                                                            "value": "EPalWorkSuitability::GenerateElectricity"
                                                        },
                                                        "type": "EnumProperty"
                                                    },
                                                    "Rank": {
                                                        "id": null,
                                                        "value": 0,
                                                        "type": "IntProperty"
                                                    }
                                                },
                                                {
                                                    "WorkSuitability": {
                                                        "id": null,
                                                        "value": {
                                                            "type": "EPalWorkSuitability",
                                                            "value": "EPalWorkSuitability::Handcraft"
                                                        },
                                                        "type": "EnumProperty"
                                                    },
                                                    "Rank": {
                                                        "id": null,
                                                        "value": 2,
                                                        "type": "IntProperty"
                                                    }
                                                },
                                                {
                                                    "WorkSuitability": {
                                                        "id": null,
                                                        "value": {
                                                            "type": "EPalWorkSuitability",
                                                            "value": "EPalWorkSuitability::Collection"
                                                        },
                                                        "type": "EnumProperty"
                                                    },
                                                    "Rank": {
                                                        "id": null,
                                                        "value": 0,
                                                        "type": "IntProperty"
                                                    }
                                                },
                                                {
                                                    "WorkSuitability": {
                                                        "id": null,
                                                        "value": {
                                                            "type": "EPalWorkSuitability",
                                                            "value": "EPalWorkSuitability::Deforest"
                                                        },
                                                        "type": "EnumProperty"
                                                    },
                                                    "Rank": {
                                                        "id": null,
                                                        "value": 2,
                                                        "type": "IntProperty"
                                                    }
                                                },
                                                {
                                                    "WorkSuitability": {
                                                        "id": null,
                                                        "value": {
                                                            "type": "EPalWorkSuitability",
                                                            "value": "EPalWorkSuitability::Mining"
                                                        },
                                                        "type": "EnumProperty"
                                                    },
                                                    "Rank": {
                                                        "id": null,
                                                        "value": 0,
                                                        "type": "IntProperty"
                                                    }
                                                },
                                                {
                                                    "WorkSuitability": {
                                                        "id": null,
                                                        "value": {
                                                            "type": "EPalWorkSuitability",
                                                            "value": "EPalWorkSuitability::OilExtraction"
                                                        },
                                                        "type": "EnumProperty"
                                                    },
                                                    "Rank": {
                                                        "id": null,
                                                        "value": 0,
                                                        "type": "IntProperty"
                                                    }
                                                },
                                                {
                                                    "WorkSuitability": {
                                                        "id": null,
                                                        "value": {
                                                            "type": "EPalWorkSuitability",
                                                            "value": "EPalWorkSuitability::ProductMedicine"
                                                        },
                                                        "type": "EnumProperty"
                                                    },
                                                    "Rank": {
                                                        "id": null,
                                                        "value": 0,
                                                        "type": "IntProperty"
                                                    }
                                                },
                                                {
                                                    "WorkSuitability": {
                                                        "id": null,
                                                        "value": {
                                                            "type": "EPalWorkSuitability",
                                                            "value": "EPalWorkSuitability::Cool"
                                                        },
                                                        "type": "EnumProperty"
                                                    },
                                                    "Rank": {
                                                        "id": null,
                                                        "value": 0,
                                                        "type": "IntProperty"
                                                    }
                                                },
                                                {
                                                    "WorkSuitability": {
                                                        "id": null,
                                                        "value": {
                                                            "type": "EPalWorkSuitability",
                                                            "value": "EPalWorkSuitability::Transport"
                                                        },
                                                        "type": "EnumProperty"
                                                    },
                                                    "Rank": {
                                                        "id": null,
                                                        "value": 3,
                                                        "type": "IntProperty"
                                                    }
                                                },
                                                {
                                                    "WorkSuitability": {
                                                        "id": null,
                                                        "value": {
                                                            "type": "EPalWorkSuitability",
                                                            "value": "EPalWorkSuitability::MonsterFarm"
                                                        },
                                                        "type": "EnumProperty"
                                                    },
                                                    "Rank": {
                                                        "id": null,
                                                        "value": 0,
                                                        "type": "IntProperty"
                                                    }
                                                }
                                            ],
                                            "type_name": "PalWorkSuitabilityInfo",
                                            "id": "00000000-0000-0000-0000-000000000000"
                                        },
                                        "type": "ArrayProperty"
                                    },
                                    "EquipItemContainerId": {
                                        "struct_type": "PalContainerId",
                                        "struct_id": "00000000-0000-0000-0000-000000000000",
                                        "id": null,
                                        "value": {
                                            "ID": {
                                                "struct_type": "Guid",
                                                "struct_id": "00000000-0000-0000-0000-000000000000",
                                                "id": null,
                                                "value": "e578dcb1-42a2-b8d9-bc91-a8a35fee59c0",
                                                "type": "StructProperty"
                                            }
                                        },
                                        "type": "StructProperty"
                                    },
                                    "SlotID": {
                                        "struct_type": "PalCharacterSlotId",
                                        "struct_id": "00000000-0000-0000-0000-000000000000",
                                        "id": null,
                                        "value": {
                                            "ContainerId": {
                                                "struct_type": "PalContainerId",
                                                "struct_id": "00000000-0000-0000-0000-000000000000",
                                                "id": null,
                                                "value": {
                                                    "ID": {
                                                        "struct_type": "Guid",
                                                        "struct_id": "00000000-0000-0000-0000-000000000000",
                                                        "id": null,
                                                        "value": "69ca6b34-4b7a-9920-b216-d799139a5ead",
                                                        "type": "StructProperty"
                                                    }
                                                },
                                                "type": "StructProperty"
                                            },
                                            "SlotIndex": {
                                                "id": null,
                                                "value": 84,
                                                "type": "IntProperty"
                                            }
                                        },
                                        "type": "StructProperty"
                                    },
                                    "MaxFullStomach": {
                                        "id": null,
                                        "value": 350.0,
                                        "type": "FloatProperty"
                                    },
                                    "GotStatusPointList": {
                                        "array_type": "StructProperty",
                                        "id": null,
                                        "value": {
                                            "prop_name": "GotStatusPointList",
                                            "prop_type": "StructProperty",
                                            "values": [
                                                {
                                                    "StatusName": {
                                                        "id": null,
                                                        "value": "\u6700\u5927HP",
                                                        "type": "NameProperty"
                                                    },
                                                    "StatusPoint": {
                                                        "id": null,
                                                        "value": 0,
                                                        "type": "IntProperty"
                                                    }
                                                },
                                                {
                                                    "StatusName": {
                                                        "id": null,
                                                        "value": "\u6700\u5927SP",
                                                        "type": "NameProperty"
                                                    },
                                                    "StatusPoint": {
                                                        "id": null,
                                                        "value": 0,
                                                        "type": "IntProperty"
                                                    }
                                                },
                                                {
                                                    "StatusName": {
                                                        "id": null,
                                                        "value": "\u653b\u6483\u529b",
                                                        "type": "NameProperty"
                                                    },
                                                    "StatusPoint": {
                                                        "id": null,
                                                        "value": 0,
                                                        "type": "IntProperty"
                                                    }
                                                },
                                                {
                                                    "StatusName": {
                                                        "id": null,
                                                        "value": "\u6240\u6301\u91cd\u91cf",
                                                        "type": "NameProperty"
                                                    },
                                                    "StatusPoint": {
                                                        "id": null,
                                                        "value": 0,
                                                        "type": "IntProperty"
                                                    }
                                                },
                                                {
                                                    "StatusName": {
                                                        "id": null,
                                                        "value": "\u6355\u7372\u7387",
                                                        "type": "NameProperty"
                                                    },
                                                    "StatusPoint": {
                                                        "id": null,
                                                        "value": 0,
                                                        "type": "IntProperty"
                                                    }
                                                },
                                                {
                                                    "StatusName": {
                                                        "id": null,
                                                        "value": "\u4f5c\u696d\u901f\u5ea6",
                                                        "type": "NameProperty"
                                                    },
                                                    "StatusPoint": {
                                                        "id": null,
                                                        "value": 0,
                                                        "type": "IntProperty"
                                                    }
                                                }
                                            ],
                                            "type_name": "PalGotStatusPoint",
                                            "id": "00000000-0000-0000-0000-000000000000"
                                        },
                                        "type": "ArrayProperty"
                                    },
                                    "LastJumpedLocation": {
                                        "struct_type": "Vector",
                                        "struct_id": "00000000-0000-0000-0000-000000000000",
                                        "id": null,
                                        "value": {
                                            "x": -348092.1829605106,
                                            "y": 264251.4240061777,
                                            "z": 4195.482690963259
                                        },
                                        "type": "StructProperty"
                                    },
                                    "IsRarePal": {
                                        "value": false,
                                        "id": null,
                                        "type": "BoolProperty"
                                    },
                                    "Rank": {
                                        "id": null,
                                        "value": 1,
                                        "type": "IntProperty"
                                    }
                                },
                                "type": "StructProperty"
                            }
                        },
                        "unknown_bytes": [
                            0,
                            0,
                            0,
                            0
                        ],
                        "group_id": "9924e319-423c-11d7-a30f-8b8640612656"
                    },
                    "type": "ArrayProperty",
                    "custom_type": ".worldSaveData.CharacterSaveParameterMap.Value.RawData"
                }
            }
        }
    ]
}