{
  "savToJsonConversion": {
    "enable": true,
    "repoUrl": "https://github.com/cheahjs/palworld-save-tools.git",
    "relativeInstallPath": "./palworld-save-tools-cheahjs",
    "convertFreshEveryRun": false
  },
  "gameSaveDirectoryPath": "E:\\Palword\\Saved\\SaveGames\\0\\MyWorldSaveId",
  "reporting": {
    "export": true,
    "exportPath": "E:\\Palword\\SaveReports",
    "showCapturedPals": true,
    "showPlayerStats": true,
    "showPlayerUnlockedRecipes": true,
    "showPlayerAppearance": true
  },
  "changesToMake": {
    "world": {},
    "players": [
      {
        "handle": "Lent",
        "level": 35,
        "countEffigiesFound": 1
      }
    ]
  }
}
