{
    "": "(无效条目)",
    "EPalWazaID::AcidRain": "酸雨",
    "EPalWazaID::AirCanon": "空气炮",
    "EPalWazaID::Unique_Deer_PushupHorn": "尖角顶击[紫霞/祇岳鹿]",
    "EPalWazaID::WaterBall": "爆裂水球",
    "EPalWazaID::WaterGun": "水枪",
    "EPalWazaID::Unique_JetDragon_JumpBeam": "光束彗星[空涡龙]",
    "EPalWazaID::SelfDestruct_Bee": "蜂!蜂!蜂![骑士蜂]",
    "EPalWazaID::Unique_GrassPanda_Electric_ElectricPunch": "爆裂拳击[雷胖达]",
    "EPalWazaID::Unique_FlameBuffalo_FlameHorn": "炽热角击[炽焰牛]",
    "EPalWazaID::IcicleThrow": "钻石星辰",
    "EPalWazaID::Unique_FlowerDinosaur_Whip": "植物猛击[花冠龙]",
    "EPalWazaID::BubbleShot": "泡沫射击",
    "EPalWazaID::Unique_NaughtyCat_CatPress": "猫咪扑击[笑魇猫]",
    "EPalWazaID::Unique_ChickenPal_ChickenPeck": "皮皮冲鸡[皮皮鸡]",
    "EPalWazaID::Unique_FengyunDeeper_CloudTempest": "阴云之岚[云海鹿]",
    "EPalWazaID::CrossThunder": "十字雷击",
    "EPalWazaID::Unique_GrassPanda_MusclePunch": "筋肉重拳[叶胖达]",
    "EPalWazaID::FrostBreath": "凛冬之息",
    "EPalWazaID::Unique_IceHorse_IceBladeAttack": "冰晶之翼[唤冬/夜兽]",
    "EPalWazaID::Unique_AmaterasuWolf_FireCharge": "风林火山[苍焰狼]",
    "EPalWazaID::DarkBall": "暗黑球",
    "EPalWazaID::Unique_FireKirin_Dark_DarkTossin": "暗影冲撞[邪麒麟]",
    "EPalWazaID::DarkLaser": "暗黑镭射",
    "EPalWazaID::DarkLegion": "黑暗之拥",
    "EPalWazaID::Unique_BlackGriffon_TackleLaser": "神圣灾祸[异构格里芬]",
    "EPalWazaID::DragonBreath": "龙息",
    "EPalWazaID::DragonWave": "龙之波动",
    "EPalWazaID::DragonCanon": "龙息弹",
    "EPalWazaID::DragonMeteor": "龙彗星",
    "EPalWazaID::Unique_Grassmammoth_Earthquake": "地震[森/雪猛犸]",
    "EPalWazaID::ThunderBall": "闪电球",
    "EPalWazaID::Unique_CaptainPenguin_BodySlide": "王者滑击[企丸王]",
    "EPalWazaID::Unique_Garm_Bite": "狂野獠牙[猎狼]",
    "EPalWazaID::FireBall": "烈焰球",
    "EPalWazaID::FlareArrow": "烈焰箭",
    "EPalWazaID::FlareTornado": "烈焰风暴",
    "EPalWazaID::Unique_Alpaca_Tackle": "绒毛冲撞[美露帕]",
    "EPalWazaID::Unique_RobinHood_BowSnipe": "精准狙击[羽箭/山岳射手]",
    "EPalWazaID::Unique_Anubis_Tackle": "巨力冲锋[阿努比斯]",
    "EPalWazaID::Unique_IceDeer_IceHorn": "霜角猛攻[严冬鹿]",
    "EPalWazaID::Unique_VolcanicMonster_Ice_IceAttack": "霜冻爆裂[寒霜兽]",
    "EPalWazaID::Unique_Eagle_GlidingNail": "滑空爪[天擒鸟]",
    "EPalWazaID::Unique_HerculesBeetle_BeetleTackle": "终极角击[铠格力斯]",
    "EPalWazaID::GrassTornado": "绿野飓风",
    "EPalWazaID::Unique_Gorilla_GroundPunch": "猩猩连打[铁拳猿]",
    "EPalWazaID::Unique_Anubis_GroundPunch": "粉碎大地[阿努比斯]",
    "EPalWazaID::Unique_Baphomet_SwallowKite": "狱火爪[炎/暗魔羊]",
    "EPalWazaID::AquaJet": "水流射击",
    "EPalWazaID::HydroPump": "高压水炮",
    "EPalWazaID::Unique_Ronin_Iai": "居合斩[浪刃武士]",
    "EPalWazaID::IceMissile": "冰雪发射",
    "EPalWazaID::BlizzardLance": "冰刺",
    "EPalWazaID::IceBlade": "冰刃",
    "EPalWazaID::FireBlast": "烈焰射击",
    "EPalWazaID::Flamethrower": "烈焰放射",
    "EPalWazaID::Inferno": "地狱火",
    "EPalWazaID::Unique_FireKirin_Tackle": "烈焰冲撞[火/邪麒麟]",
    "EPalWazaID::SelfDestruct": "自爆",
    "EPalWazaID::Intimidate": "恐吓",
    "EPalWazaID::Unique_Werewolf_Scratch": "飞跃爪击[月镰魔]",
    "EPalWazaID::Unique_ThunderDragonMan_ThunderSwordAttack": "雷神之枪[波鲁杰克斯]",
    "EPalWazaID::Unique_KingAlpaca_BodyPress": "泰山压顶[君王/冰帝美露帕]",
    "EPalWazaID::Thunderbolt": "闪电伏特",
    "EPalWazaID::Unique_ElecPanda_ElecScratch": "霹雳连爪[暴电熊]",
    "EPalWazaID::ThunderRain": "广域雷击",
    "EPalWazaID::LineThunder": "雷击",
    "EPalWazaID::LightningStrike": "闪电冲击",
    "EPalWazaID::Unique_Kirin_LightningTackle": "疾风迅雷[雷角马]",
    "EPalWazaID::LockonLaser": "锁定雷射",
    "EPalWazaID::SelfExplosion": "超自爆",
    "EPalWazaID::SpecialCutter": "多重利刃",
    "EPalWazaID::Unique_SakuraSaurus_SideTackle": "铁山靠[连理/海誓龙]",
    "EPalWazaID::Unique_FairyDragon_FairyTornado": "神秘旋风[精灵/水灵龙]",
    "EPalWazaID::ShadowBall": "恶梦球",
    "None": "None",
    "EPalWazaID::HyperBeam": "帕鲁光束",
    "EPalWazaID::Unique_DarkCrow_TelePoke": "幻影突袭[黑鸦隐士]",
    "EPalWazaID::Unique_Horus_FlareBird": "凤凰翔波[荷鲁斯]",
    "EPalWazaID::ThunderFunnel": "等离子浮游炮",
    "EPalWazaID::PoisonShot": "剧毒射击",
    "EPalWazaID::PoisonFog": "毒雾",
    "EPalWazaID::PowerBall": "元气弹",
    "EPalWazaID::PowerShot": "能量射击",
    "EPalWazaID::Psychokinesis": "念动引力",
    "EPalWazaID::Human_Punch": "击打[人类]",
    "EPalWazaID::Unique_PinkCat_CatPunch": "喵喵拳[捣蛋猫]",
    "EPalWazaID::Unique_Boar_Tackle": "猪突猛进[草莽猪]",
    "EPalWazaID::RockLance": "岩石锐矛",
    "EPalWazaID::Unique_SheepBall_Roll": "滚滚毛球[棉悠悠]",
    "EPalWazaID::MudShot": "泥浆投掷",
    "EPalWazaID::SandTornado": "砂砾飓风",
    "EPalWazaID::SeedMachinegun": "种子机关枪",
    "EPalWazaID::SeedMine": "种子地雷",
    "EPalWazaID::DarkWave": "暗影波动",
    "EPalWazaID::Unique_DrillGame_ShellAttack": "甲壳回旋[碎岩龟]",
    "EPalWazaID::ElecWave": "冲击波",
    "EPalWazaID::SolarBeam": "太阳光束",
    "EPalWazaID::SpreadPulse": "电火花",
    "EPalWazaID::Unique_SaintCentaur_OneSpearRushes": "闪枪冲锋[圣光骑士]",
    "EPalWazaID::RootAttack": "缠绕地刺",
    "EPalWazaID::Unique_QueenBee_SpinLance": "回旋矛[女皇蜂]",
    "EPalWazaID::Unique_Anubis_LowRoundKick": "回旋踢[阿努比斯]",
    "EPalWazaID::FireSeed": "烈焰溅射",
    "EPalWazaID::GhostFlame": "鬼火",
    "EPalWazaID::StoneShotgun": "碎石霰弹",
    "EPalWazaID::ThrowRock": "投石",
    "EPalWazaID::Unique_BluePlatypus_Toboggan": "乘风破浪[冲浪鸭]",
    "EPalWazaID::Unique_HawkBird_Storm": "龙卷风[疾风隼]",
    "EPalWazaID::ThreeThunder": "三重雷击",
    "EPalWazaID::Unique_BlackCentaur_TwoSpearRushes": "双枪一闪[混沌骑士]",
    "EPalWazaID::Unique_VolcanicMonster_MagmaAttack": "火山爆发[熔岩兽]",
    "EPalWazaID::WindCutter": "风刃",
    "EPalWazaID::WaterWave": "(无效条目)en Text",
    "EPalWazaID::Unique_NightLady_FlameNightmare": "烈焰华尔兹[贝菈露洁]",
    "EPalWazaID::Unique_NightLady_WarpBeam": "噩梦绽放[贝菈露洁]",
    "EPalWazaID::Unique_NightLady_WarpBeam_Straight": "噩梦射线[贝菈诺娃]",
    "EPalWazaID::DarkCanon": "黑暗弹",
    "EPalWazaID::DarkPulse": "黑暗霰射",
    "EPalWazaID::DarkArrow": "黑暗箭",
    "EPalWazaID::Apocalypse": "启示录",
    "EPalWazaID::Unique_WeaselDragon_FlyingTackle": "火箭冲撞[疾旋鼬]",
    "EPalWazaID::IcicleLine": "冰锋之路",
    "EPalWazaID::FlareTwister": "炎龙舞",
    "EPalWazaID::WindEdge": "烈风切",
    "EPalWazaID::RaidCutter": "连环风刃",
    "EPalWazaID::IceAge": "霜降",
    "EPalWazaID::DoubleIcicleThrow": "极寒双星",
    "EPalWazaID::IciclePierce": "冰霜连弹",
    "EPalWazaID::ChaosLaser": "混沌射线",
    "EPalWazaID::BubbleShower": "毒雨",
    "EPalWazaID::ShokeiLaser": "处刑雷射",
    "EPalWazaID::Railbolt": "并联雷光",
    "EPalWazaID::RangeThunder": "雷动八方",
    "EPalWazaID::SandTwister": "沙尘暴",
    "EPalWazaID::FlameFunnel": "流火",
    "EPalWazaID::ThunderStorm": "雷霆飓风",
    "EPalWazaID::TriSpark": "三相火花",
    "EPalWazaID::WallSplash": "间隙潮",
    "EPalWazaID::AirBlade": "真空刃",
    "EPalWazaID::FlameWall": "爆烈火墙",
    "EPalWazaID::HolyBlast": "光击阵",
    "EPalWazaID::Eruption": "熔岩爆发",
    "EPalWazaID::CommetRain": "陨星雨",
    "EPalWazaID::ThreeCommet": "三重陨星",
    "EPalWazaID::BlastCanon": "绽裂龙息",
    "EPalWazaID::ChargeCanon": "龙息炮",
    "EPalWazaID::LineGeyser": "瀑流击",
    "EPalWazaID::RootLance": "缠根牢狱",
    "EPalWazaID::StarMine": "诡雷繁星",
    "EPalWazaID::DiamondFall": "晶钻之雨",
    "EPalWazaID::BeamSlicer": "切割龙息",
    "EPalWazaID::Tremor": "岩爆",
    "EPalWazaID::Commet": "陨星",
    "EPalWazaID::Unique_DarkScorpion_Pierce": "跳跃重刺[冥铠蝎]",
    "EPalWazaID::Unique_FeatherOstrich_Tossin": "地之冲锋[战冠雀]",
    "EPalWazaID::Unique_SifuDog_Counter": "气合返[汪宗师]",
    "EPalWazaID::Unique_WingGolem_RoundCutter": "回旋岩锯[泰锋]",
    "EPalWazaID::Unique_MoonQueen_MoonBlade": "青月刃[辉月伊]",
    "EPalWazaID::Unique_MoonQueen_MoonBeam": "皎月射线[辉月伊]",
    "EPalWazaID::Unique_DarkAlien_JumpScractch": "恶之爪[杰诺贝达]",
    "EPalWazaID::Unique_KingBahamut_ArmSmash": "焚天爆炎[焰煌]",
    "EPalWazaID::Unique_KingBahamut_AirCrash": "龙陨震击[焰煌]",
    "EPalWazaID::Unique_ThunderBird_ThunderStorm": "闪电俯冲[迅雷鸟]",
    "EPalWazaID::Unique_Manticore_InfernoStrike": "火山獠牙[狱焰王]",
    "EPalWazaID::Unique_BlackGriffon_TackleLaser2": "神圣灾祸Ⅱ[异构格里芬]",
    "EPalWazaID::Unique_Horus_PerfectStorm": "炎凰烈波[荷鲁斯]",
    "EPalWazaID::Unique_MoonQueen_IceMoonBlade": "青月闪[辉月伊]",
    "EPalWazaID::Unique_ElecPanda_GatlingAttack": "雷击的重型战车[暴电熊]",
    "EPalWazaID::Unique_ThunderDragonMan_NumerousSwordAttack": "雷神之怒[波鲁杰克斯]",
    "EPalWazaID::Unique_LilyQueen_WindBarrier": "风之结界[百合女王]",
    "EPalWazaID::TripleCannon": "TripleCannon",
    "EPalWazaID::TidalWave": "TidalWave",
    "EPalWazaID::Throw": "Throw",
    "EPalWazaID::Scratch": "Scratch",
    "EPalWazaID::WorkAttack": "WorkAttack",
    "EPalWazaID::SnowStorm": "SnowStorm",
    "EPalWazaID::EnergyShot": "冰导弹",
    "EPalWazaID::Funnel_RaijinDaughter": "Funnel_RaijinDaughter",
    "EPalWazaID::Funnel_DreamDemon": "Funnel_DreamDemon",
    "EPalWazaID::DarkTornado": "DarkTornado",
    "EPalWazaID::Unique_LilyQueen_LilyHealing": "丰饶加护[百合女王]",
    "EPalWazaID::Unique_ScorpionMan_Uppercut": "升虫拳[蛊刺妖]",
    "EPalWazaID::WaterBalloon": "WaterBalloon",
    "EPalWazaID::GrassTyphoon": "GrassTyphoon",
    "EPalWazaID::SeedShotgun": "SeedShotgun"
  }