{
    "Alpaca": "美露帕",
    "AmaterasuWolf": "苍焰狼",
    "Anubis": "阿努比斯",
    "Baphomet": "炎魔羊",
    "Baphomet_Dark": "暗魔羊",
    "Bastet": "喵丝特",
    "Bastet_Ice": "冰丝特",
    "BerryGoat": "灌木羊",
    "BirdDragon": "烽歌龙",
    "BirdDragon_Ice": "霜歌龙",
    "BlackCentaur": "混沌骑士",
    "BlackGriffon": "异构格里芬",
    "BlackMetalDragon": "魔渊龙",
    "BlueDragon": "碧海龙",
    "BluePlatypus": "冲浪鸭",
    "Boar": "草莽猪",
    "CaptainPenguin": "企丸王",
    "Carbunclo": "翠叶鼠",
    "CatBat": "猫蝠怪",
    "CatMage": "暗巫猫",
    "CatVampire": "夜幕魔蝠",
    "ChickenPal": "皮皮鸡",
    "ColorfulBird": "炸蛋鸟",
    "CowPal": "波霸牛",
    "CuteButterfly": "幻悦蝶",
    "CuteFox": "玉藻狐",
    "CuteMole": "遁地鼠",
    "DarkCrow": "黑鸦隐士",
    "DarkScorpion": "冥铠蝎",
    "Deer": "紫霞鹿",
    "Deer_Ground": "祇岳鹿",
    "DreamDemon": "寐魔",
    "DrillGame": "碎岩龟",
    "Eagle": "天擒鸟",
    "ElecCat": "伏特喵",
    "ElecPanda": "暴电熊",
    "FairyDragon": "精灵龙",
    "FairyDragon_Water": "水灵龙",
    "FengyunDeeper": "云海鹿",
    "FireKirin": "火麒麟",
    "FireKirin_Dark": "邪麒麟",
    "FlameBambi": "燎火鹿",
    "FlameBuffalo": "炽焰牛",
    "FlowerDinosaur": "花冠龙",
    "FlowerDinosaur_Electric": "雷冠龙",
    "FlowerDoll": "花丽娜",
    "FlowerRabbit": "波娜兔",
    "FlyingManta": "鲁米儿",
    "FoxMage": "焰巫狐",
    "Ganesha": "壶小象",
    "Garm": "猎狼",
    "GhostBeast": "噬魂兽",
    "Gorilla": "铁拳猿",
    "GrassMammoth": "森猛犸",
    "GrassMammoth_Ice": "雪猛犸",
    "GrassPanda": "叶胖达",
    "GrassPanda_Electric": "雷胖达",
    "GrassRabbitMan": "踏春兔",
    "HadesBird": "雷冥鸟",
    "HawkBird": "疾风隼",
    "Hedgehog": "電棘鼠",
    "Hedgehog_Ice": "冰刺鼠",
    "HerculesBeetle": "铠格力斯",
    "Horus": "荷鲁斯",
    "IceDeer": "严冬鹿",
    "IceFox": "吹雪狐",
    "IceHorse": "唤冬兽",
    "IceHorse_Dark": "唤夜兽",
    "JetDragon": "空涡龙",
    "Kelpie": "水灵儿",
    "Kelpie_Fire": "火灵儿",
    "KingAlpaca": "君王美露帕",
    "KingAlpaca_Ice": "冰帝美露帕",
    "KingBahamut": "焰煌",
    "Kirin": "雷角马",
    "Kitsunebi": "火绒狐",
    "LavaGirl": "融焰娘",
    "LazyCatfish": "趴趴鲶",
    "LazyDragon": "佩克龙",
    "LazyDragon_Electric": "派克龙",
    "LilyQueen": "百合女王",
    "LilyQueen_Dark": "黑月女王",
    "LittleBriarRose": "荊棘魔仙",
    "LizardMan": "朋克蜥",
    "LizardMan_Fire": "热血蜥",
    "Manticore": "狱焰王",
    "Manticore_Dark": "狱阎王",
    "Monkey": "新叶猿",
    "MopBaby": "毛掸儿",
    "MopKing": "毛老爹",
    "Mutant": "秘斯媞雅",
    "NaughtyCat": "笑魇猫",
    "NegativeKoala": "瞅什魔",
    "NegativeOctopus": "勾魂鱿",
    "NightFox": "露娜蒂",
    "Penguin": "企丸丸",
    "PinkCat": "捣蛋猫",
    "PinkLizard": "博爱蜥",
    "PinkRabbit": "姬小兔",
    "PlantSlime": "叶泥泥",
    "PlantSlime_Flower": "叶泥泥(头上长花)",
    "QueenBee": "女皇蜂",
    "RaijinDaughter": "雷鸣童子",
    "RedArmorBird": "燧火鸟",
    "RobinHood": "羽箭射手",
    "RobinHood_Ground": "山岳射手",
    "Ronin": "浪刃武士",
    "SaintCentaur": "圣光骑士",
    "SakuraSaurus": "连理龙",
    "SakuraSaurus_Water": "海誓龙",
    "Serpent": "滑水蛇",
    "Serpent_Ground": "流沙蛇",
    "SharkKid": "鲨小子",
    "SharkKid_Fire": "红小鲨",
    "Sheepball": "棉悠悠",
    "SkyDragon": "天羽龙",
    "SoldierBee": "骑士蜂",
    "Suzaku": "朱雀",
    "Suzaku_Water": "清雀",
    "SweetsSheep": "棉花糖",
    "ThunderBird": "迅雷鸟",
    "ThunderDog": "霹雳犬",
    "ThunderDragonMan": "波鲁杰克斯",
    "Umihebi": "覆海龙",
    "Umihebi_Fire": "腾炎龙",
    "VioletFairy": "薇莉塔",
    "VolcanicMonster": "熔岩兽",
    "VolcanicMonster_Ice": "寒霜兽",
    "WeaselDragon": "疾旋鼬",
    "Werewolf": "月镰魔",
    "WhiteMoth": "绸笠蛾",
    "WhiteTiger": "冰棘兽",
    "WindChimes": "吊缚灵",
    "WindChimes_Ice": "冰缚灵",
    "WizardOwl": "啼卡尔",
    "WoolFox": "米露菲",
    "Yeti": "白绒雪怪",
    "Yeti_Grass": "绿苔绒怪",
    "BlackFurDragon": "Dragostrophe",
    "ElecLion": "Boltmane",
    "DarkMutant": "Dark Mutant",
    "NightLady": "贝菈诺娃",
    "NightLady_Dark": "贝菈露洁",
    "GYM_ThunderDragonMan": "阿克塞尔 & 波鲁杰克斯",
    "GYM_LilyQueen": "莉莉 & 百合女王",
    "GYM_Horus": "马库斯 & 荷鲁斯",
    "GYM_BlackGriffon": "维克托 & 异构格里芬",
    "GYM_ElecPanda": "佐伊 & 暴电熊",
    "Male_DarkTrader01": "黑市商人",
    "FireCult_FlameThrower": "永炎同心会 殉教者",
    "FireCult_Rifle": "永炎同心会 Rifleman",
    "Male_Soldier01": "Burly Merc",
    "Female_Soldier01": "Expedition Survivor",
    "Believer_CrossBow": "帕鲁保护团体 支持者 十字弓",
    "Believer_Bat": "帕鲁保护团体 支持者 棒",
    "Male_Scientist01_LaserRifle": "基因研究部队 执行小队",
    "PalDealer": "帕鲁商人",
    "Police_Handgun": "自卫队 守卫",
    "Hunter_Bat": "盗猎集团 新手 棒",
    "Hunter_FlameThrower": "盗猎集团 善后组",
    "Hunter_Fat_GatlingGun": "盗猎集团 粉碎者",
    "Hunter_RocketLauncher": "盗猎集团 精英",
    "Hunter_Grenade": "盗猎集团 投弹手",
    "Hunter_Rifle": "盗猎集团 射手",
    "Hunter_Shotgun": "盗猎集团 猎人",
    "Hunter_Handgun": "盗猎集团 新手",
    "SalesPerson": "流浪商人",
    "SalesPerson_Desert": "流浪商人 红 沙漠",
    "SalesPerson_Desert2": "流浪商人 绿 沙漠",
    "SalesPerson_Volcano": "流浪商人 红 火山",
    "SalesPerson_Volcano2": "流浪商人 绿 火山",
    "Female_DesertPeople02": "村民 沙漠 女",
    "Female_People02": "村民 女 2",
    "Female_People03": "村民 女 3",
    "Male_DesertPeople01": "村民 男 1",
    "Male_People02": "村民 男 2",
    "Male_People03": "村民 男 3",
    "MobuCitizen": "岛民",
    "MobuCitizen_Male": "岛民 男",
    "Guard_Rifle": "卫兵",
    "Guard_Shotgun": "自卫队 巡逻员",
    "PalDealer_Desert": "帕鲁商人 沙漠",
    "PalDealer_Volcano": "帕鲁商人 火山",
    "Police_Rifle": "自卫队 步枪士兵",
    "Police_Shotgun": "自卫队 精英",

    "Gorilla_Ground": "石掌猿",
    "WeaselDragon_Fire": "桃旋鼬",
    "Ronin_Dark": "鬼刃武士",
    "CatMage_Fire": "炽巫猫",
    "FoxMage_Dark": "幽巫狐",
    "HerculesBeetle_Ground": "Warsect Terra",
    "SkyDragon_Grass": "翠羽龙",
    "KingBahamut_Dragon": "殁殃",
    "HadesBird_Electric": "雷鸣鸟",
    "DarkScorpion_Ground": "金铠蝎",
    "MoonQueen": "辉月伊",
    "GYM_MoonQueen": "纱夜 & 辉月伊",
    "KendoFrog": "武道蛙",
    "LeafPrincess": "春彩娘",
    "MushroomDragon": "菇咚",
    "MushroomDragon_Dark": "菇波",
    "SmallArmadillo": "球犰",
    "CandleGhost": "恐炬灵",
    "ScorpionMan": "蛊刺妖",
    "WingGolem": "泰锋",
    "GuardianDog": "八云犬",
    "SifuDog": "汪宗师",
    "FeatherOstrich": "战冠雀",
    "MimicDog": "旺财",
    "DarkAlien": "杰诺贝达",
    "WhiteAlienDragon": "杰诺路达",
    "Male_NinjaElite01": "Moonflower Jonin",
    "Male_Ninja01": "Moonflower Genin"

}