{
  "language": "中文",
  "player_lbl": "玩家:",
  "atk_lbl": "已装备技能",
  "clone_lbl": "克隆工具",
  "stat_lbl": "状态",
  "health_lbl": "体力",
  "attack_lbl": "攻击",
  "defence_lbl": "防御",
  "soul_tooltip": "灵魂雕像",
  "health_soul_lbl": "体力",
  "attack_soul_lbl": "攻击",
  "defence_soul_lbl": "防御",
  "working_soul_lbl": "工作",
  "electric_lbl": "雷",
  "dark_lbl": "暗",
  "lucky_lbl": "稀有",
  "alpha_lbl": "变异（BOSS）",
  "name_prop": "物种",
  "gender_prop": "性别",
  "attack_prop": "攻击",
  "defence_prop": "防御",
  "workspeed_prop": "工作速度",
  "hp_prop": "血量",
  "rank_prop": "星级",
  "btn_add_pal": "添加帕鲁",
  "btn_dump_pal": "导出帕鲁",
  "btn_clone_pal": "克隆帕鲁",
  "preset_lbl": "预设配置:",
  "preset_title1": "工具型:",
  "preset_base": "打工仔",
  "preset_speed_worker": "工作速度优先",
  "preset_speed_runner": "移动速度优先",
  "preset_tank": "防御优先",
  "preset_title2": "战斗型:",
  "preset_max": "物理攻击",
  "preset_balance": "平衡型",
  "preset_mount": "攻速兼备",
  "preset_element": "攻属兼备",
  "preset_title_level": "设置等级:",
  "preset_chg_lvl": "预设修改等级",
  "preset_title_rank": "设置星级:",
  "preset_change_rank": "预设修改星级",
  "preset_set_attr": "设置属性:",
  "preset_change_attr": "预设修改属性",
  "menu_load_save": "加载帕鲁存档",
  "menu_save": "保存到存档",
  "menu_export": "出口伙伴",
  "menu_import": "将伙伴导入到选定的玩家",
  "msg_select_file": "请选择存档文件.",
  "msg_disclaim": "以上数值为游戏内统计数据；但不包括被动技能",
  "msg_skill": "鼠标放置于技能上看描述...",
  "msg_saving": "加载存档中, 请耐心等待...",
  "msg_saving_big": "保存中, 请耐心等待... (大文件可能会需要5分钟)",
  "msg_decompressing": "解玊存档中, 请耐心等待...",
  "msg_loading": "加载 GVAS 文件中, 请耐心等待...",
  "msg_writing": "写入至 SAV 文件中...",
  "msg_converting": "转换中... 这个可能要花一会儿时间.",
  "select_file": "选择文件",
  "msg_select_save_file": "请选择存档文件.",
  "msg_done": "完成加载!",
  "mattack_prop": "物理",
  "sattack_prop": "魔法"
}