{"values": [{"CodeName": "Alpaca", "Name": "\u7f8e\u9732\u5e15", "Type": ["Neutral"], "Moveset": {"Air Cannon": 1, "Fluffy Tackle": 7, "Sand Blast": 15, "Power Shot": 22, "Shockwave": 30, "Power Bomb": 40, "Pal Blast": 50}}, {"CodeName": "AmaterasuWolf", "Name": "\u82cd\u7130\u72fc", "Type": ["Fire"], "Moveset": {"Ignis Blast": 1, "Spirit Fire": 7, "Spirit Flame": 15, "Daring Flames": 22, "Flare Storm": 30, "Ignis Rage": 40, "Fire Ball": 50}}, {"CodeName": "Anubis", "Name": "\u963f\u52aa\u6bd4\u65af", "Type": ["Ground"], "Moveset": {"Stone Blast": 1, "Power Bomb": 7, "Sand Tornado": 15, "Spinning Roundhouse": 22, "Forceful Charge": 30, "Ground Smash": 40, "Rock Lance": 50}}, {"CodeName": "Baphomet", "Name": "\u708e\u9b54\u7f8a", "Type": ["Fire", "Dark"], "Moveset": {"Ignis Blast": 1, "Spirit Fire": 7, "Flare Arrow": 15, "Hellfire Claw": 22, "Shadow Burst": 30, "Fire Ball": 40, "Ignis Rage": 50}}, {"CodeName": "Baphomet_Dark", "Name": "\u6697\u9b54\u7f8a", "Type": ["Dark"], "Moveset": {"Ignis Blast": 1, "Spirit Fire": 7, "Flare Arrow": 15, "Hellfire Claw": 22, "Shadow Burst": 30, "Fire Ball": 40, "Ignis Rage": 50}}, {"CodeName": "Bastet", "Name": "\u55b5\u4e1d\u7279", "Type": ["Dark"], "Moveset": {"Sand Blast": 1, "Dark Ball": 7, "Shadow Burst": 15, "Sand Tornado": 22, "Spirit Flame": 30, "Nightmare Ball": 40, "Dark Laser": 50}}, {"CodeName": "Bastet_Ice", "Name": "\u51b0\u4e1d\u7279", "Type": ["Ice"], "Moveset": {"Ice Missile": 1, "Air Cannon": 7, "Sand Blast": 15, "Icicle Cutter": 22, "Iceberg": 30, "Cryst Breath": 40, "Blizzard Spike": 50}}, {"CodeName": "BerryGoat", "Name": "\u704c\u6728\u7f8a", "Type": ["Grass"], "Moveset": {"Wind Cutter": 1, "Air Cannon": 7, "Sand Blast": 15, "Power Shot": 22, "Grass Tornado": 30, "Spine Vine": 40, "Solar Blast": 50}}, {"CodeName": "BirdDragon", "Name": "\u70fd\u6b4c\u9f99", "Type": ["Fire", "Dark"], "Moveset": {"Air Cannon": 1, "Ignis Blast": 7, "Spirit Fire": 15, "Ignis Breath": 22, "Nightmare Ball": 30, "Fire Ball": 40, "Dark Laser": 50}}, {"CodeName": "BirdDragon_Ice", "Name": "\u971c\u6b4c\u9f99", "Type": ["Ice", "Dark"], "Moveset": {"Air Cannon": 1, "Ice Missile": 7, "Icicle Cutter": 15, "Cryst Breath": 22, "Nightmare Ball": 30, "Blizzard Spike": 40, "Dark Laser": 50}}, {"CodeName": "BlackCentaur", "Name": "\u6df7\u6c8c\u9a91\u58eb", "Type": ["Dark"], "Moveset": {"Shadow Burst": 1, "Spirit Fire": 7, "Spirit Flame": 15, "Nightmare Ball": 22, "Rock Lance": 30, "Twin Spears": 40, "Dark Laser": 50}}, {"CodeName": "BlackGriffon", "Name": "\u5f02\u6784\u683c\u91cc\u82ac", "Type": ["Dark"], "Moveset": {"Air Cannon": 1, "Dark Ball": 7, "Shadow Burst": 15, "Spirit Flame": 22, "Nightmare Ball": 30, "Divine Disaster": 40, "Dark Laser": 50}}, {"CodeName": "BlackMetalDragon", "Name": "\u9b54\u6e0a\u9f99", "Type": ["Dragon", "Dark"], "Moveset": {"Dragon Cannon": 1, "Spirit Flame": 7, "Dragon Burst": 15, "Nightmare Ball": 22, "Draconic Breath": 30, "Dark Laser": 40, "Dragon Meteor": 50}}, {"CodeName": "BlueDragon", "Name": "\u78a7\u6d77\u9f99", "Type": ["Water", "Dragon"], "Moveset": {"Aqua Gun": 1, "Dragon Cannon": 7, "Bubble Blast": 15, "Dragon Burst": 22, "Draconic Breath": 30, "Hydro Laser": 40, "Dragon Meteor": 50}}, {"CodeName": "BluePlatypus", "Name": "\u51b2\u6d6a\u9e2d", "Type": ["Water"], "Moveset": {"Aqua Gun": 1, "Power Shot": 7, "Hydro Jet": 15, "Ice Missile": 22, "Bubble Blast": 30, "Aqua Burst": 40, "Hydro Laser": 50}}, {"CodeName": "Boar", "Name": "\u8349\u83bd\u732a", "Type": ["Ground"], "Moveset": {"Reckless Charge": 1, "Sand Blast": 7, "Power Shot": 15, "Stone Blast": 22, "Power Bomb": 30, "Rock Lance": 40, "Pal Blast": 50}}, {"CodeName": "CaptainPenguin", "Name": "\u4f01\u9e45\u738b", "Type": ["Water", "Ice"], "Moveset": {"Aqua Gun": 1, "Iceberg": 7, "Emperor Slide": 15, "Cryst Breath": 22, "Aqua Burst": 30, "Blizzard Spike": 40, "Hydro Laser": 50}}, {"CodeName": "Carbunclo", "Name": "\u7fe0\u53f6\u9f20", "Type": ["Grass"], "Moveset": {"Wind Cutter": 1, "Air Cannon": 7, "Power Shot": 15, "Seed Machine Gun": 22, "Power Bomb": 30, "Spine Vine": 40, "Solar Blast": 50}}, {"CodeName": "CatBat", "Name": "\u732b\u8760\u602a", "Type": ["Dark"], "Moveset": {"Air Cannon": 1, "Poison Blast": 7, "Dark Ball": 15, "Shadow Burst": 22, "Spirit Flame": 30, "Nightmare Ball": 40, "Dark Laser": 50}}, {"CodeName": "CatMage", "Name": "\u6697\u5deb\u732b", "Type": ["Dark"], "Moveset": {"Ignis Blast": 1, "Dark Ball": 7, "Flare Arrow": 15, "Shadow Burst": 22, "Spirit Flame": 30, "Nightmare Ball": 40, "Dark Laser": 50}}, {"CodeName": "CatVampire", "Name": "\u591c\u5e55\u9b54\u8760", "Type": ["Dark"], "Moveset": {"Poison Blast": 1, "Dark Ball": 7, "Shadow Burst": 15, "Spirit Flame": 22, "Nightmare Ball": 30, "Ignis Rage": 40, "Dark Laser": 50}}, {"CodeName": "ChickenPal", "Name": "\u76ae\u76ae\u9e21", "Type": ["Neutral"], "Moveset": {"Chicken Rush": 1, "Air Cannon": 7, "Power Shot": 15, "Implode": 22, "Grass Tornado": 30, "Sand Tornado": 40, "Flare Storm": 50}}, {"CodeName": "ColorfulBird", "Name": "\u70b8\u86cb\u9e1f", "Type": ["Neutral"], "Moveset": {"Implode": 1, "Air Cannon": 7, "Power Shot": 15, "Megaton Implode": 22, "Sand Tornado": 30, "Power Bomb": 40, "Pal Blast": 50}}, {"CodeName": "CowPal", "Name": "\u6ce2\u9738\u725b", "Type": ["Neutral"], "Moveset": {"Power Shot": 1, "Sand Blast": 7, "Air Cannon": 15, "Stone Blast": 22, "Stone Cannon": 30, "Power Bomb": 40, "Pal Blast": 50}}, {"CodeName": "CuteButterfly", "Name": "\u5e7b\u60a6\u8776", "Type": ["Grass"], "Moveset": {"Air Cannon": 1, "Wind Cutter": 7, "Poison Fog": 15, "Sand Tornado": 22, "Seed Mine": 30, "Grass Tornado": 40, "Solar Blast": 50}}, {"CodeName": "CuteFox", "Name": "\u7389\u85fb\u72d0", "Type": ["Neutral"], "Moveset": {"Air Cannon": 1, "Sand Blast": 7, "Power Shot": 15, "Wind Cutter": 22, "Seed Machine Gun": 30, "Power Bomb": 40, "Pal Blast": 50}}, {"CodeName": "CuteMole", "Name": "\u9041\u5730\u9f20", "Type": ["Ground"], "Moveset": {"Sand Blast": 1, "Power Shot": 7, "Stone Blast": 15, "Stone Cannon": 22, "Power Bomb": 30, "Sand Tornado": 40, "Rock Lance": 50}}, {"CodeName": "DarkCrow", "Name": "\u9ed1\u9e26\u9690\u58eb", "Type": ["Dark"], "Moveset": {"Air Cannon": 1, "Dark Ball": 7, "Phantom Peck": 15, "Shadow Burst": 22, "Spirit Flame": 30, "Nightmare Ball": 40, "Dark Laser": 50}}, {"CodeName": "DarkScorpion", "Name": "\u51a5\u94e0\u874e", "Type": ["Dark", "Ground"], "Moveset": {"Sand Blast": 1, "Poison Blast": 7, "Shadow Burst": 15, "Stone Cannon": 22, "Nightmare Ball": 30, "Rock Lance": 40, "Dark Laser": 50}}, {"CodeName": "Deer", "Name": "\u7d2b\u971e\u9e7f", "Type": ["Neutral"], "Moveset": {"Power Shot": 1, "Antler Uppercut": 7, "Stone Blast": 15, "Stone Cannon": 22, "Power Bomb": 30, "Rock Lance": 40, "Pal Blast": 50}}, {"CodeName": "Deer_Ground", "Name": "\u7948\u5cb3\u9e7f", "Type": ["Ground"], "Moveset": {"Power Shot": 1, "Antler Uppercut": 7, "Stone Blast": 15, "Stone Cannon": 22, "Power Bomb": 30, "Sand Tornado": 40, "Rock Lance": 50}}, {"CodeName": "DreamDemon", "Name": "\u5bd0\u9b54", "Type": ["Dark"], "Moveset": {"Dark Ball": 1, "Poison Blast": 7, "Shadow Burst": 15, "Cryst Breath": 22, "Spirit Flame": 30, "Nightmare Ball": 40, "Dark Laser": 50}}, {"CodeName": "DrillGame", "Name": "\u788e\u5ca9\u9f9f", "Type": ["Ground"], "Moveset": {"Aqua Gun": 1, "Stone Blast": 7, "Shell Spin": 15, "Stone Cannon": 22, "Sand Tornado": 30, "Aqua Burst": 40, "Rock Lance": 50}}, {"CodeName": "Eagle", "Name": "\u5929\u64d2\u9e1f", "Type": ["Neutral"], "Moveset": {"Gale Claw": 1, "Air Cannon": 7, "Sand Blast": 15, "Wind Cutter": 22, "Sand Tornado": 30, "Grass Tornado": 40, "Pal Blast": 50}}, {"CodeName": "ElecCat", "Name": "\u4f0f\u7279\u55b5", "Type": ["Electric"], "Moveset": {"Spark Blast": 1, "Sand Blast": 7, "Shockwave": 15, "Electric Ball": 22, "Tri-Lightning": 30, "Lightning Streak": 40, "Lightning Bolt": 50}}, {"CodeName": "ElecPanda", "Name": "\u66b4\u7535\u718a", "Type": ["Electric"], "Moveset": {"Spark Blast": 1, "Shockwave": 7, "Lightning Claw": 15, "Lightning Streak": 22, "Tri-Lightning": 30, "Lightning Strike": 40, "Lightning Bolt": 50}}, {"CodeName": "FairyDragon", "Name": "\u7cbe\u7075\u9f99", "Type": ["Dragon"], "Moveset": {"Dragon Cannon": 1, "Dragon Burst": 7, "Flare Arrow": 15, "Mystic Whirlwind": 22, "Draconic Breath": 30, "Pal Blast": 40, "Dragon Meteor": 50}}, {"CodeName": "FairyDragon_Water", "Name": "\u6c34\u7075\u9f99", "Type": ["Dragon", "Water"], "Moveset": {"Aqua Gun": 1, "Dragon Cannon": 7, "Dragon Burst": 15, "Mystic Whirlwind": 22, "Acid Rain": 30, "Hydro Laser": 40, "Dragon Meteor": 50}}, {"CodeName": "FengyunDeeper", "Name": "\u4e91\u6d77\u9e7f", "Type": ["Neutral"], "Moveset": {"Air Cannon": 1, "Aqua Gun": 7, "Cloud Tempest": 15, "Acid Rain": 22, "Aqua Burst": 30, "Blizzard Spike": 40, "Pal Blast": 50}}, {"CodeName": "FireKirin", "Name": "\u706b\u9e92\u9e9f", "Type": ["Fire"], "Moveset": {"Sand Blast": 1, "Ignis Blast": 7, "Spirit Fire": 15, "Flare Arrow": 22, "Ignis Slam": 30, "Ignis Rage": 40, "Fire Ball": 50}}, {"CodeName": "FireKirin_Dark", "Name": "\u90aa\u9e92\u9e9f", "Type": ["Fire", "Dark"], "Moveset": {"Ignis Blast": 1, "Shadow Burst": 7, "Ignis Breath": 15, "Spirit Flame": 22, "Dark Charge": 30, "Ignis Rage": 40, "Dark Laser": 50}}, {"CodeName": "FlameBambi", "Name": "\u71ce\u706b\u9e7f", "Type": ["Fire"], "Moveset": {"Ignis Blast": 1, "Power Shot": 7, "Spirit Fire": 15, "Flare Arrow": 22, "Flare Storm": 30, "Ignis Rage": 40, "Fire Ball": 50}}, {"CodeName": "FlameBuffalo", "Name": "\u70bd\u7130\u725b", "Type": ["Fire"], "Moveset": {"Ignis Blast": 1, "Blazing Horn": 7, "Spirit Fire": 15, "Flare Arrow": 22, "Ignis Breath": 30, "Ignis Rage": 40, "Fire Ball": 50}}, {"CodeName": "FlowerDinosaur", "Name": "\u82b1\u51a0\u9f99", "Type": ["Grass", "Dragon"], "Moveset": {"Wind Cutter": 1, "Botanical Smash": 7, "Dragon Burst": 15, "Seed Mine": 22, "Draconic Breath": 30, "Spine Vine": 40, "Solar Blast": 50}}, {"CodeName": "FlowerDinosaur_Electric", "Name": "\u96f7\u51a0\u9f99", "Type": ["Electric", "Dragon"], "Moveset": {"Shockwave": 1, "Plasma Tornado": 7, "Botanical Smash": 15, "Draconic Breath": 22, "Tri-Lightning": 30, "Lightning Strike": 40, "Lightning Bolt": 50}}, {"CodeName": "FlowerDoll", "Name": "\u82b1\u4e3d\u5a1c", "Type": ["Grass"], "Moveset": {"Wind Cutter": 1, "Aqua Gun": 7, "Seed Machine Gun": 15, "Bubble Blast": 22, "Grass Tornado": 30, "Spine Vine": 40, "Solar Blast": 50}}, {"CodeName": "FlowerRabbit", "Name": "\u6ce2\u5a1c\u5154", "Type": ["Grass"], "Moveset": {"Wind Cutter": 1, "Air Cannon": 7, "Hydro Jet": 15, "Seed Machine Gun": 22, "Bubble Blast": 30, "Grass Tornado": 40, "Solar Blast": 50}}, {"CodeName": "FlyingManta", "Name": "\u9c81\u7c73\u513f", "Type": ["Water"], "Moveset": {"Hydro Jet": 1, "Aqua Gun": 7, "Power Shot": 15, "Bubble Blast": 22, "Seed Machine Gun": 30, "Aqua Burst": 40, "Hydro Laser": 50}}, {"CodeName": "FoxMage", "Name": "\u7130\u5deb\u72d0", "Type": ["Fire"], "Moveset": {"Ignis Blast": 1, "Spirit Fire": 7, "Flare Arrow": 15, "Spirit Flame": 22, "Flare Storm": 30, "Fire Ball": 40, "Dragon Meteor": 50}}, {"CodeName": "Ganesha", "Name": "\u58f6\u5c0f\u8c61", "Type": ["Water"], "Moveset": {"Aqua Gun": 1, "Hydro Jet": 7, "Sand Blast": 15, "Bubble Blast": 22, "Acid Rain": 30, "Aqua Burst": 40, "Hydro Laser": 50}}, {"CodeName": "Garm", "Name": "\u730e\u72fc", "Type": ["Neutral"], "Moveset": {"Fierce Fang": 1, "Sand Blast": 7, "Air Cannon": 15, "Power Shot": 22, "Ignis Blast": 30, "Power Bomb": 40, "Pal Blast": 50}}, {"CodeName": "GhostBeast", "Name": "\u566c\u9b42\u517d", "Type": ["Dark"], "Moveset": {"Ignis Blast": 1, "Dark Ball": 7, "Flare Arrow": 15, "Shadow Burst": 22, "Spirit Flame": 30, "Nightmare Ball": 40, "Dark Laser": 50}}, {"CodeName": "Gorilla", "Name": "\u94c1\u62f3\u733f", "Type": ["Neutral"], "Moveset": {"Sand Blast": 1, "Power Shot": 7, "Ground Pound": 15, "Stone Blast": 22, "Seed Machine Gun": 30, "Power Bomb": 40, "Pal Blast": 50}}, {"CodeName": "GrassMammoth", "Name": "\u68ee\u731b\u72b8", "Type": ["Grass"], "Moveset": {"Sand Blast": 1, "Seed Machine Gun": 7, "Power Bomb": 15, "Grass Tornado": 22, "Earth Impact": 30, "Spine Vine": 40, "Solar Blast": 50}}, {"CodeName": "GrassMammoth_Ice", "Name": "\u96ea\u731b\u72b8", "Type": ["Ice"], "Moveset": {"Stone Cannon": 1, "Icicle Cutter": 7, "Power Bomb": 15, "Iceberg": 22, "Earth Impact": 30, "Cryst Breath": 40, "Blizzard Spike": 50}}, {"CodeName": "GrassPanda", "Name": "\u53f6\u80d6\u8fbe", "Type": ["Grass"], "Moveset": {"Power Shot": 1, "Seed Machine Gun": 7, "Stone Cannon": 15, "Crushing Punch": 22, "Seed Mine": 30, "Spine Vine": 40, "Solar Blast": 50}}, {"CodeName": "GrassPanda_Electric", "Name": "\u96f7\u80d6\u8fbe", "Type": ["Electric"], "Moveset": {"Spark Blast": 1, "Shockwave": 7, "Lightning Streak": 15, "Blast Punch": 22, "Tri-Lightning": 30, "Lightning Strike": 40, "Lightning Bolt": 50}}, {"CodeName": "GrassRabbitMan", "Name": "\u8e0f\u6625\u5154", "Type": ["Grass"], "Moveset": {"Wind Cutter": 1, "Stone Cannon": 7, "Seed Machine Gun": 15, "Stone Blast": 22, "Grass Tornado": 30, "Spine Vine": 40, "Solar Blast": 50}}, {"CodeName": "HadesBird", "Name": "\u96f7\u51a5\u9e1f", "Type": ["Dark"], "Moveset": {"Spirit Fire": 1, "Dark Ball": 7, "Shadow Burst": 15, "Flare Storm": 22, "Spirit Flame": 30, "Nightmare Ball": 40, "Dark Laser": 50}}, {"CodeName": "HawkBird", "Name": "\u75be\u98ce\u96bc", "Type": ["Neutral"], "Moveset": {"Air Cannon": 1, "Tornado Attack": 7, "Wind Cutter": 15, "Power Bomb": 22, "Sand Tornado": 30, "Grass Tornado": 40, "Pal Blast": 50}}, {"CodeName": "Hedgehog", "Name": "\u7535\u68d8\u9f20", "Type": ["Electric"], "Moveset": {"Shockwave": 1, "Power Shot": 7, "Electric Ball": 15, "Power Bomb": 22, "Tri-Lightning": 30, "Lightning Streak": 40, "Lightning Bolt": 50}}, {"CodeName": "Hedgehog_Ice", "Name": "\u51b0\u523a\u9f20", "Type": ["Ice"], "Moveset": {"Ice Missile": 1, "Power Shot": 7, "Iceberg": 15, "Power Bomb": 22, "Icicle Cutter": 30, "Cryst Breath": 40, "Blizzard Spike": 50}}, {"CodeName": "HerculesBeetle", "Name": "\u94e0\u683c\u529b\u65af", "Type": ["Ground", "Grass"], "Moveset": {"Wind Cutter": 1, "Seed Machine Gun": 7, "Stone Blast": 15, "Stone Cannon": 22, "Giga Horn": 30, "Rock Lance": 40, "Solar Blast": 50}}, {"CodeName": "Horus", "Name": "\u8377\u9c81\u65af", "Type": ["Fire"], "Moveset": {"Ignis Blast": 1, "Flare Arrow": 7, "Spirit Fire": 15, "Ignis Breath": 22, "Phoenix Flare": 30, "Ignis Rage": 40, "Fire Ball": 50}}, {"CodeName": "IceDeer", "Name": "\u4e25\u51ac\u9e7f", "Type": ["Ice"], "Moveset": {"Air Cannon": 1, "Ice Missile": 7, "Icicle Cutter": 15, "Freezing Charge": 22, "Iceberg": 30, "Cryst Breath": 40, "Blizzard Spike": 50}}, {"CodeName": "IceFox", "Name": "\u5439\u96ea\u72d0", "Type": ["Ice"], "Moveset": {"Air Cannon": 1, "Ice Missile": 7, "Icicle Cutter": 15, "Spirit Flame": 22, "Iceberg": 30, "Cryst Breath": 40, "Blizzard Spike": 50}}, {"CodeName": "IceHorse", "Name": "\u5524\u51ac\u517d", "Type": ["Ice"], "Moveset": {"Air Cannon": 1, "Ice Missile": 7, "Icicle Cutter": 15, "Iceberg": 22, "Crystal Wing": 30, "Cryst Breath": 40, "Blizzard Spike": 50}}, {"CodeName": "IceHorse_Dark", "Name": "\u5524\u591c\u517d", "Type": ["Dark"], "Moveset": {"Air Cannon": 1, "Dark Ball": 7, "Shadow Burst": 15, "Spirit Flame": 22, "Crystal Wing": 30, "Nightmare Ball": 40, "Dark Laser": 50}}, {"CodeName": "JetDragon", "Name": "\u7a7a\u6da1\u9f99", "Type": ["Dragon"], "Moveset": {"Spirit Fire": 1, "Dragon Burst": 7, "Flare Storm": 15, "Draconic Breath": 22, "Beam Comet": 30, "Fire Ball": 40, "Dragon Meteor": 50}}, {"CodeName": "Kelpie", "Name": "\u6c34\u7075\u513f", "Type": ["Water"], "Moveset": {"Hydro Jet": 1, "Dragon Cannon": 7, "Aqua Gun": 15, "Bubble Blast": 22, "Power Bomb": 30, "Aqua Burst": 40, "Hydro Laser": 50}}, {"CodeName": "Kelpie_Fire", "Name": "\u706b\u7075\u513f", "Type": ["Fire"], "Moveset": {"Ignis Blast": 1, "Dragon Cannon": 7, "Spirit Fire": 15, "Flare Arrow": 22, "Dragon Burst": 30, "Ignis Breath": 40, "Fire Ball": 50}}, {"CodeName": "KingAlpaca", "Name": "\u541b\u738b\u7f8e\u9732\u5e15", "Type": ["Neutral"], "Moveset": {"Sand Blast": 1, "Power Shot": 7, "Power Bomb": 15, "Kingly Slam": 22, "Tri-Lightning": 30, "Rock Lance": 40, "Pal Blast": 50}}, {"CodeName": "KingAlpaca_Ice", "Name": "\u51b0\u5e1d\u7f8e\u9732\u5e15", "Type": ["Ice"], "Moveset": {"Ice Missile": 1, "Icicle Cutter": 7, "Iceberg": 15, "Kingly Slam": 22, "Cryst Breath": 30, "Aqua Burst": 40, "Blizzard Spike": 50}}, {"CodeName": "KingBahamut", "Name": "\u7130\u714c", "Type": ["Fire"], "Moveset": {"Power Shot": 1, "Ignis Blast": 7, "Stone Blast": 15, "Ignis Breath": 22, "Ignis Rage": 30, "Fire Ball": 40, "Rock Lance": 50}}, {"CodeName": "Kirin", "Name": "\u96f7\u89d2\u9a6c", "Type": ["Electric"], "Moveset": {"Spark Blast": 1, "Shockwave": 7, "Lock-on Laser": 15, "Lightning Streak": 22, "Tri-Lightning": 30, "Lightning Strike": 40, "Lightning Bolt": 50}}, {"CodeName": "Kitsunebi", "Name": "\u706b\u7ed2\u72d0", "Type": ["Fire"], "Moveset": {"Ignis Blast": 1, "Sand Blast": 7, "Spirit Fire": 15, "Flare Arrow": 22, "Ignis Breath": 30, "Spirit Flame": 40, "Fire Ball": 50}}, {"CodeName": "LavaGirl", "Name": "\u878d\u7130\u5a18", "Type": ["Fire"], "Moveset": {"Ignis Blast": 1, "Spirit Fire": 7, "Flare Arrow": 15, "Spirit Flame": 22, "Flare Storm": 30, "Ignis Rage": 40, "Fire Ball": 50}}, {"CodeName": "LazyCatfish", "Name": "\u8db4\u8db4\u9c87", "Type": ["Ground"], "Moveset": {}}, {"CodeName": "LazyDragon", "Name": "\u4f69\u514b\u9f99", "Type": ["Dragon", "Water"], "Moveset": {"Dragon Cannon": 1, "Aqua Gun": 7, "Dragon Burst": 15, "Bubble Blast": 22, "Draconic Breath": 30, "Aqua Burst": 40, "Dragon Meteor": 50}}, {"CodeName": "LazyDragon_Electric", "Name": "\u6d3e\u514b\u9f99", "Type": ["Dragon", "Electric"], "Moveset": {"Spark Blast": 1, "Dragon Cannon": 7, "Shockwave": 15, "Lightning Streak": 22, "Draconic Breath": 30, "Lightning Strike": 40, "Lightning Bolt": 50}}, {"CodeName": "LilyQueen", "Name": "\u767e\u5408\u5973\u738b", "Type": ["Grass"], "Moveset": {"Wind Cutter": 1, "Seed Machine Gun": 7, "Seed Mine": 15, "Aqua Burst": 22, "Grass Tornado": 30, "Spine Vine": 40, "Solar Blast": 50}}, {"CodeName": "LilyQueen_Dark", "Name": "\u9ed1\u6708\u5973\u738b", "Type": ["Dark"], "Moveset": {"Dark Ball": 1, "Icicle Cutter": 7, "Shadow Burst": 15, "Cryst Breath": 22, "Nightmare Ball": 30, "Blizzard Spike": 40, "Dark Laser": 50}}, {"CodeName": "LittleBriarRose", "Name": "\u8346\u68d8\u9b54\u4ed9", "Type": ["Grass"], "Moveset": {"Wind Cutter": 1, "Seed Machine Gun": 7, "Ice Missile": 15, "Grass Tornado": 22, "Iceberg": 30, "Spine Vine": 40, "Solar Blast": 50}}, {"CodeName": "LizardMan", "Name": "\u5e9e\u514b\u8725", "Type": ["Dark"], "Moveset": {"Poison Blast": 1, "Dark Ball": 7, "Shadow Burst": 15, "Spirit Flame": 22, "Nightmare Ball": 30, "Ignis Breath": 40, "Dark Laser": 50}}, {"CodeName": "LizardMan_Fire", "Name": "\u70ed\u8840\u8725", "Type": ["Fire"], "Moveset": {"Ignis Blast": 1, "Poison Blast": 7, "Spirit Fire": 15, "Ignis Breath": 22, "Flare Storm": 30, "Ignis Rage": 40, "Fire Ball": 50}}, {"CodeName": "Manticore", "Name": "\u72f1\u7130\u738b", "Type": ["Fire"], "Moveset": {"Ignis Blast": 1, "Power Shot": 7, "Flare Arrow": 15, "Ignis Breath": 22, "Ignis Rage": 30, "Fire Ball": 40, "Pal Blast": 50}}, {"CodeName": "Manticore_Dark", "Name": "\u72f1\u960e\u738b", "Type": ["Fire", "Dark"], "Moveset": {"Shadow Burst": 1, "Flare Arrow": 7, "Ignis Breath": 15, "Spirit Flame": 22, "Ignis Rage": 30, "Fire Ball": 40, "Dark Laser": 50}}, {"CodeName": "Monkey", "Name": "\u65b0\u53f6\u733f", "Type": ["Grass"], "Moveset": {"Wind Cutter": 1, "Sand Blast": 7, "Seed Machine Gun": 15, "Seed Mine": 22, "Stone Cannon": 30, "Grass Tornado": 40, "Solar Blast": 50}}, {"CodeName": "MopBaby", "Name": "\u6bdb\u63b8\u513f", "Type": ["Ice"], "Moveset": {"Air Cannon": 1, "Ice Missile": 7, "Icicle Cutter": 15, "Power Bomb": 22, "Iceberg": 30, "Cryst Breath": 40, "Blizzard Spike": 50}}, {"CodeName": "MopKing", "Name": "\u6bdb\u8001\u7239", "Type": ["Ice"], "Moveset": {"Power Shot": 1, "Ice Missile": 7, "Icicle Cutter": 15, "Iceberg": 22, "Cryst Breath": 30, "Pal Blast": 40, "Blizzard Spike": 50}}, {"CodeName": "Mutant", "Name": "\u79d8\u65af\u5a9e\u96c5", "Type": ["Neutral"], "Moveset": {"Air Cannon": 1, "Power Shot": 7, "Icicle Cutter": 15, "Plasma Tornado": 22, "Power Bomb": 30, "Blizzard Spike": 40, "Pal Blast": 50}}, {"CodeName": "NaughtyCat", "Name": "\u7b11\u9b47\u732b", "Type": ["Neutral"], "Moveset": {"Sand Blast": 1, "Power Shot": 7, "Cat Press": 15, "Stone Blast": 22, "Stone Cannon": 30, "Power Bomb": 40, "Pal Blast": 50}}, {"CodeName": "NegativeKoala", "Name": "\u7785\u4ec0\u9b54", "Type": ["Dark"], "Moveset": {"Poison Blast": 1, "Sand Blast": 7, "Dark Ball": 15, "Ice Missile": 22, "Shadow Burst": 30, "Nightmare Ball": 40, "Dark Laser": 50}}, {"CodeName": "NegativeOctopus", "Name": "\u52fe\u9b42\u9c7f", "Type": ["Dark"], "Moveset": {"Hydro Jet": 1, "Poison Blast": 7, "Dark Ball": 15, "Shadow Burst": 22, "Acid Rain": 30, "Nightmare Ball": 40, "Dark Laser": 50}}, {"CodeName": "NightFox", "Name": "\u9732\u5a1c\u8482", "Type": ["Dark"], "Moveset": {"Air Cannon": 1, "Dark Ball": 7, "Shadow Burst": 15, "Power Bomb": 22, "Spirit Flame": 30, "Nightmare Ball": 40, "Dark Laser": 50}}, {"CodeName": "Penguin", "Name": "\u4f01\u4e38\u4e38", "Type": ["Water", "Ice"], "Moveset": {"Ice Missile": 1, "Hydro Jet": 7, "Aqua Gun": 15, "Icicle Cutter": 22, "Iceberg": 30, "Blizzard Spike": 40, "Hydro Laser": 50}}, {"CodeName": "PinkCat", "Name": "\u6363\u86cb\u732b", "Type": ["Neutral"], "Moveset": {"Punch Flurry": 1, "Air Cannon": 7, "Sand Blast": 15, "Power Shot": 22, "Wind Cutter": 30, "Seed Machine Gun": 40, "Pal Blast": 50}}, {"CodeName": "PinkLizard", "Name": "\u535a\u7231\u8725", "Type": ["Neutral"], "Moveset": {"Power Shot": 1, "Poison Blast": 7, "Shadow Burst": 15, "Acid Rain": 22, "Power Bomb": 30, "Implode": 40, "Pal Blast": 50}}, {"CodeName": "PinkRabbit", "Name": "\u59ec\u5c0f\u5154", "Type": ["Neutral"], "Moveset": {"Air Cannon": 1, "Power Shot": 7, "Ice Missile": 15, "Blizzard Spike": 22, "Power Bomb": 30, "Iceberg": 40, "Pal Blast": 50}}, {"CodeName": "PlantSlime", "Name": "\u53f6\u6ce5\u6ce5", "Type": ["Grass", "Ground"], "Moveset": {"Sand Blast": 1, "Wind Cutter": 7, "Stone Blast": 15, "Seed Machine Gun": 22, "Seed Mine": 30, "Sand Tornado": 40, "Solar Blast": 50}}, {"CodeName": "QueenBee", "Name": "\u5973\u7687\u8702", "Type": ["Grass"], "Moveset": {"Air Cannon": 1, "Wind Cutter": 7, "Poison Blast": 15, "Spinning Lance": 22, "Grass Tornado": 30, "Spine Vine": 40, "Solar Blast": 50}}, {"CodeName": "RaijinDaughter", "Name": "\u96f7\u9e23\u7ae5\u5b50", "Type": ["Electric"], "Moveset": {"Air Cannon": 1, "Shockwave": 7, "Acid Rain": 15, "Lightning Streak": 22, "Tri-Lightning": 30, "Lightning Strike": 40, "Lightning Bolt": 50}}, {"CodeName": "RedArmorBird", "Name": "\u71e7\u706b\u9e1f", "Type": ["Fire"], "Moveset": {"Air Cannon": 1, "Spirit Fire": 7, "Flare Arrow": 15, "Sand Tornado": 22, "Flare Storm": 30, "Ignis Breath": 40, "Fire Ball": 50}}, {"CodeName": "RobinHood", "Name": "\u7fbd\u7bad\u5c04\u624b", "Type": ["Grass"], "Moveset": {"Wind Cutter": 1, "Power Shot": 7, "Focus Shot": 15, "Seed Mine": 22, "Grass Tornado": 30, "Spine Vine": 40, "Solar Blast": 50}}, {"CodeName": "RobinHood_Ground", "Name": "\u5c71\u5cb3\u5c04\u624b", "Type": ["Grass", "Ground"], "Moveset": {"Sand Blast": 1, "Wind Cutter": 7, "Focus Shot": 15, "Stone Blast": 22, "Sand Tornado": 30, "Solar Blast": 40, "Rock Lance": 50}}, {"CodeName": "Ronin", "Name": "\u6d6a\u5203\u6b66\u58eb", "Type": ["Fire"], "Moveset": {"Ignis Blast": 1, "Wind Cutter": 7, "Icicle Cutter": 15, "Iaigiri": 22, "Ignis Breath": 30, "Lightning Strike": 40, "Ignis Rage": 50}}, {"CodeName": "SaintCentaur", "Name": "\u5723\u5149\u9a91\u58eb", "Type": ["Neutral"], "Moveset": {"Power Shot": 1, "Ice Missile": 7, "Iceberg": 15, "Power Bomb": 22, "Blizzard Spike": 30, "Spear Thrust": 40, "Pal Blast": 50}}, {"CodeName": "SakuraSaurus", "Name": "\u8fde\u7406\u9f99", "Type": ["Grass"], "Moveset": {"Wind Cutter": 1, "Sand Blast": 7, "Muscle Slam": 15, "Seed Mine": 22, "Grass Tornado": 30, "Spine Vine": 40, "Solar Blast": 50}}, {"CodeName": "SakuraSaurus_Water", "Name": "\u6d77\u8a93\u9f99", "Type": ["Grass", "Water"], "Moveset": {"Aqua Gun": 1, "Bubble Blast": 7, "Muscle Slam": 15, "Seed Mine": 22, "Spine Vine": 30, "Aqua Burst": 40, "Hydro Laser": 50}}, {"CodeName": "Serpent", "Name": "\u6ed1\u6c34\u86c7", "Type": ["Water"], "Moveset": {"Hydro Jet": 1, "Dragon Cannon": 7, "Aqua Gun": 15, "Bubble Blast": 22, "Dragon Burst": 30, "Draconic Breath": 40, "Hydro Laser": 50}}, {"CodeName": "Serpent_Ground", "Name": "\u6d41\u6c99\u86c7", "Type": ["Ground"], "Moveset": {"Sand Blast": 1, "Dragon Cannon": 7, "Stone Blast": 15, "Stone Cannon": 22, "Sand Tornado": 30, "Draconic Breath": 40, "Rock Lance": 50}}, {"CodeName": "SharkKid", "Name": "\u9ca8\u5c0f\u5b50", "Type": ["Water"], "Moveset": {"Hydro Jet": 1, "Power Shot": 7, "Aqua Gun": 15, "Bubble Blast": 22, "Icicle Cutter": 30, "Aqua Burst": 40, "Hydro Laser": 50}}, {"CodeName": "SharkKid_Fire", "Name": "\u7ea2\u5c0f\u9ca8", "Type": ["Fire"], "Moveset": {"Ignis Blast": 1, "Power Shot": 7, "Spirit Fire": 15, "Flare Arrow": 22, "Lightning Streak": 30, "Fire Ball": 40, "Ignis Rage": 50}}, {"CodeName": "Sheepball", "Name": "\u68c9\u60a0\u60a0", "Type": ["Neutral"], "Moveset": {"Roly Poly": 1, "Air Cannon": 7, "Power Shot": 15, "Implode": 22, "Electric Ball": 30, "Power Bomb": 40, "Pal Blast": 50}}, {"CodeName": "SkyDragon", "Name": "\u5929\u7fbd\u9f99", "Type": ["Dragon"], "Moveset": {"Dragon Cannon": 1, "Spirit Fire": 7, "Acid Rain": 15, "Draconic Breath": 22, "Grass Tornado": 30, "Aqua Burst": 40, "Dragon Meteor": 50}}, {"CodeName": "SoldierBee", "Name": "\u9a91\u58eb\u8702", "Type": ["Grass"], "Moveset": {"Air Cannon": 1, "Wind Cutter": 7, "Bee Quiet": 15, "Poison Blast": 22, "Acid Rain": 30, "Grass Tornado": 40, "Solar Blast": 50}}, {"CodeName": "Suzaku", "Name": "\u6731\u96c0", "Type": ["Fire"], "Moveset": {"Air Cannon": 1, "Ignis Blast": 7, "Spirit Fire": 15, "Flare Arrow": 22, "Ignis Breath": 30, "Flare Storm": 40, "Fire Ball": 50}}, {"CodeName": "Suzaku_Water", "Name": "\u6e05\u96c0", "Type": ["Water"], "Moveset": {"Hydro Jet": 1, "Ice Missile": 7, "Aqua Gun": 15, "Cryst Breath": 22, "Aqua Burst": 30, "Blizzard Spike": 40, "Hydro Laser": 50}}, {"CodeName": "SweetsSheep", "Name": "\u68c9\u82b1\u7cd6", "Type": ["Neutral"], "Moveset": {"Air Cannon": 1, "Sand Blast": 7, "Power Shot": 15, "Wind Cutter": 22, "Bubble Blast": 30, "Power Bomb": 40, "Pal Blast": 50}}, {"CodeName": "ThunderBird", "Name": "\u8fc5\u96f7\u9e1f", "Type": ["Electric"], "Moveset": {"Air Cannon": 1, "Spark Blast": 7, "Shockwave": 15, "Lightning Streak": 22, "Tri-Lightning": 30, "Sand Tornado": 40, "Lightning Bolt": 50}}, {"CodeName": "ThunderDog", "Name": "\u9739\u96f3\u72ac", "Type": ["Electric"], "Moveset": {"Sand Blast": 1, "Shockwave": 7, "Spark Blast": 15, "Stone Blast": 22, "Electric Ball": 30, "Lightning Streak": 40, "Lightning Bolt": 50}}, {"CodeName": "ThunderDragonMan", "Name": "\u6ce2\u9c81\u6770\u514b\u65af", "Type": ["Dragon", "Electric"], "Moveset": {"Kerauno": 1, "Lightning Strike": 7, "Spark Blast": 15, "Draconic Breath": 22, "Lightning Streak": 30, "Tri-Lightning": 40, "Lightning Bolt": 50}}, {"CodeName": "Umihebi", "Name": "\u8986\u6d77\u9f99", "Type": ["Dragon", "Water"], "Moveset": {"Aqua Gun": 1, "Dragon Cannon": 7, "Draconic Breath": 15, "Aqua Burst": 22, "Tri-Lightning": 30, "Hydro Laser": 40, "Dragon Meteor": 50}}, {"CodeName": "Umihebi_Fire", "Name": "\u817e\u708e\u9f99", "Type": ["Dragon", "Fire"], "Moveset": {"Ignis Blast": 1, "Dragon Cannon": 7, "Flare Storm": 15, "Ignis Breath": 22, "Tri-Lightning": 30, "Fire Ball": 40, "Dragon Meteor": 50}}, {"CodeName": "VioletFairy", "Name": "\u8587\u8389\u5854", "Type": ["Grass"], "Moveset": {"Poison Fog": 1, "Wind Cutter": 7, "Poison Blast": 15, "Seed Mine": 22, "Grass Tornado": 30, "Nightmare Ball": 40, "Solar Blast": 50}}, {"CodeName": "VolcanicMonster", "Name": "\u7194\u5ca9\u517d", "Type": ["Fire", "Ground"], "Moveset": {"Ignis Blast": 1, "Stone Blast": 7, "Stone Cannon": 15, "Ignis Breath": 22, "Volcanic Burst": 30, "Ignis Rage": 40, "Rock Lance": 50}}, {"CodeName": "VolcanicMonster_Ice", "Name": "\u5bd2\u971c\u517d", "Type": ["Ice", "Ground"], "Moveset": {"Ice Missile": 1, "Stone Blast": 7, "Iceberg": 15, "Cryst Breath": 22, "Frost Burst": 30, "Blizzard Spike": 40, "Rock Lance": 50}}, {"CodeName": "WeaselDragon", "Name": "\u75be\u65cb\u9f2c", "Type": ["Ice", "Dragon"], "Moveset": {"Ice Missile": 1, "Dragon Cannon": 7, "Dragon Burst": 15, "Icicle Cutter": 22, "Draconic Breath": 30, "Cryst Breath": 40, "Dragon Meteor": 50}}, {"CodeName": "Werewolf", "Name": "\u6708\u9570\u9b54", "Type": ["Dark"], "Moveset": {"Dark Ball": 1, "Jumping Claw": 7, "Shadow Burst": 15, "Icicle Cutter": 22, "Spirit Flame": 30, "Nightmare Ball": 40, "Dark Laser": 50}}, {"CodeName": "WhiteMoth", "Name": "\u7ef8\u7b20\u86fe", "Type": ["Ice"], "Moveset": {"Ice Missile": 1, "Icicle Cutter": 7, "Iceberg": 15, "Cryst Breath": 22, "Spirit Flame": 30, "Aqua Burst": 40, "Blizzard Spike": 50}}, {"CodeName": "WhiteTiger", "Name": "\u51b0\u68d8\u517d", "Type": ["Ice"], "Moveset": {"Power Shot": 1, "Ice Missile": 7, "Stone Cannon": 15, "Icicle Cutter": 22, "Iceberg": 30, "Cryst Breath": 40, "Blizzard Spike": 50}}, {"CodeName": "WindChimes", "Name": "\u540a\u7f1a\u7075", "Type": ["Ground"], "Moveset": {}}, {"CodeName": "WindChimes_Ice", "Name": "\u51b0\u7f1a\u7075", "Type": ["Ice"], "Moveset": {}}, {"CodeName": "WizardOwl", "Name": "\u557c\u5361\u5c14", "Type": ["Dark"], "Moveset": {"Air Cannon": 1, "Dark Ball": 7, "Shadow Burst": 15, "Sand Tornado": 22, "Spirit Flame": 30, "Nightmare Ball": 40, "Dark Laser": 50}}, {"CodeName": "WoolFox", "Name": "\u7c73\u9732\u83f2", "Type": ["Neutral"], "Moveset": {"Air Cannon": 1, "Sand Blast": 7, "Spark Blast": 15, "Power Shot": 22, "Shockwave": 30, "Power Bomb": 40, "Lightning Bolt": 50}}, {"CodeName": "Yeti", "Name": "\u767d\u7ed2\u96ea\u602a", "Type": ["Ice"], "Moveset": {"Ice Missile": 1, "Wind Cutter": 7, "Icicle Cutter": 15, "Iceberg": 22, "Cryst Breath": 30, "Blizzard Spike": 40, "Solar Blast": 50}}, {"CodeName": "Yeti_Grass", "Name": "\u7eff\u82d4\u7ed2\u602a", "Type": ["Grass"], "Moveset": {"Wind Cutter": 1, "Aqua Gun": 7, "Seed Mine": 15, "Grass Tornado": 22, "Spine Vine": 30, "Aqua Burst": 40, "Solar Blast": 50}}, {"CodeName": "GYM_ThunderDragonMan", "Name": "Axel & Orserk", "Type": ["Dragon", "Electric"], "Moveset": {}, "Tower": true}, {"CodeName": "GYM_LilyQueen", "Name": "Lily & Lyleen", "Type": ["Grass"], "Moveset": {}, "Tower": true}, {"CodeName": "GYM_Horus", "Name": "Marus & Faleris", "Type": ["Fire"], "Moveset": {}, "Tower": true}, {"CodeName": "GYM_BlackGriffon", "Name": "Victor & Shadowbeak", "Type": ["Dark"], "Moveset": {}, "Tower": true}, {"CodeName": "GYM_ElecPanda", "Name": "Zoe & Grizzbolt", "Type": ["Electric"], "Moveset": {}, "Tower": true}, {"CodeName": "Male_DarkTrader01", "Name": "Black Marketeer", "Type": ["None"], "Moveset": {}, "Human": true}, {"CodeName": "FireCult_FlameThrower", "Name": "Brothers of the Eternal Pyre Martyr", "Type": ["None"], "Moveset": {}, "Human": true}, {"CodeName": "Male_Soldier01", "Name": "Burly Merc", "Type": ["None"], "Moveset": {}, "Human": true}, {"CodeName": "Female_Soldier01", "Name": "Expedition Survivor", "Type": ["None"], "Moveset": {}, "Human": true}, {"CodeName": "Believer_CrossBow", "Name": "Free Pal Alliance Devout", "Type": ["None"], "Moveset": {}, "Human": true}, {"CodeName": "Male_Scientist01_LaserRifle", "Name": "PAL Genetic Research Unit Executioner", "Type": ["None"], "Moveset": {}, "Human": true}, {"CodeName": "PalDealer", "Name": "Pal Merchant", "Type": ["None"], "Moveset": {}, "Human": true}, {"CodeName": "Police_Handgun", "Name": "PIDF Guard", "Type": ["None"], "Moveset": {}, "Human": true}, {"CodeName": "Hunter_Bat", "Name": "Syndicate Thug (Bat)", "Type": ["None"], "Moveset": {}, "Human": true}, {"CodeName": "Hunter_FlameThrower", "Name": "Syndicate Cleaner", "Type": ["None"], "Moveset": {}, "Human": true}, {"CodeName": "Hunter_Fat_GatlingGun", "Name": "Syndicate Crusher", "Type": ["None"], "Moveset": {}, "Human": true}, {"CodeName": "Hunter_RocketLauncher", "Name": "Syndicate Elite", "Type": ["None"], "Moveset": {}, "Human": true}, {"CodeName": "Hunter_Grenade", "Name": "Syndicate Grenadier", "Type": ["None"], "Moveset": {}, "Human": true}, {"CodeName": "Hunter_Rifle", "Name": "Syndicate Gunner", "Type": ["None"], "Moveset": {}, "Human": true}, {"CodeName": "Hunter_Shotgun", "Name": "Syndicate Hunter", "Type": ["None"], "Moveset": {}, "Human": true}, {"CodeName": "Hunter_Handgun", "Name": "Syndicate Thug (Handgun)", "Type": ["None"], "Moveset": {}, "Human": true}, {"CodeName": "SalesPerson", "Name": "Wandering Merchant", "Type": ["None"], "Moveset": {}, "Human": true}]}