{
  "player_lbl": "玩家:",
  "atk_lbl": "已装备技能",
  "clone_lbl": "克隆工具",
  "stat_lbl": "Stats",
  "health_lbl": "Health",
  "attack_lbl": "Attack",
  "defence_lbl": "Defence",
  "electric_lbl": "雷",
  "dark_lbl": "暗",
  "lucky_lbl": "稀有",
  "alpha_lbl": "变异（BOSS）",
  "name_prop": "物种",
  "gender_prop": "性别",
  "attack_prop": "攻击 个体值%",
  "defence_prop": "防御 个体值%",
  "workspeed_prop": "工作速度 个体值%",
  "hp_prop": "血量 个体值%",
  "rank_prop": "星级",
  "preset_lbl": "预设配置:",
  "preset_title1": "工具型:",
  "preset_base": "打工仔",
  "preset_speed_worker": "工作速度优先",
  "preset_speed_runner": "移动速度优先",
  "preset_tank": "防御优先",
  "preset_title2": "战斗型:",
  "preset_max": "物理攻击",
  "preset_balance": "平衡型",
  "preset_mount": "攻速兼备",
  "preset_element": "攻属兼备",
  "preset_title_level": "设置等级:",
  "preset_chg_lvl": "预设修改等级",
  "preset_title_rank": "设置星级:",
  "preset_change_rank": "预设修改星级",
  "preset_set_attr": "设置属性:",
  "preset_change_attr": "预设修改属性",
  "menu_load_save": "加载帕鲁存档",
  "menu_save": "保存到存档",
  "msg_select_file": "请选择存档文件.",
  "msg_disclaim": "The values above do not include passive skills",
  "msg_skill": "Hover a skill to see it's description",
  "msg_saving": "Loading save, please be patient...",
  "msg_saving_big": "Saving, please be patient... (it can take up to 5 minutes in large files)",
  "msg_decompressing": "Decompressing save, please be patient...",
  "msg_loading": "Loading GVAS file, please be patient...",
  "msg_writing": "Writing SAV file...",
  "msg_converting": "Converting... this may take a while.",
  "select_file": "Select a file",
  "msg_select_save_file": "Please select a save file.",
  "msg_done": "Done loading!"
}