{
    "": "",
    "EPalWazaID::AcidRain": "Acid Rain",
    "EPalWazaID::AirCanon": "Air Cannon",
    "EPalWazaID::Unique_Deer_PushupHorn": "Antler Uppercut",
    "EPalWazaID::WaterBall": "Aqua Burst",
    "EPalWazaID::WaterGun": "Aqua Gun",
    "EPalWazaID::Unique_JetDragon_JumpBeam": "Beam Comet",
    "EPalWazaID::SelfDestruct_Bee": "Bee Quiet",
    "EPalWazaID::Unique_GrassPanda_Electric_ElectricPunch": "Blast Punch",
    "EPalWazaID::Unique_FlameBuffalo_FlameHorn": "Blazing Horn",
    "EPalWazaID::IcicleThrow": "Blizzard Spike",
    "EPalWazaID::Unique_FlowerDinosaur_Whip": "Botanical Smash",
    "EPalWazaID::BubbleShot": "Bubble Blast",
    "EPalWazaID::Unique_NaughtyCat_CatPress": "Cat Press",
    "EPalWazaID::Unique_ChickenPal_ChickenPeck": "Chicken Rush",
    "EPalWazaID::Unique_FengyunDeeper_CloudTempest": "Cloud Tempest",
    "EPalWazaID::CrossThunder": "Cross Lightning",
    "EPalWazaID::Unique_GrassPanda_MusclePunch": "Crushing Punch",
    "EPalWazaID::FrostBreath": "Cryst Breath",
    "EPalWazaID::Unique_IceHorse_IceBladeAttack": "Crystal Wing",
    "EPalWazaID::Unique_AmaterasuWolf_FireCharge": "Daring Flames",
    "EPalWazaID::DarkBall": "Dark Ball",
    "EPalWazaID::Unique_FireKirin_Dark_DarkTossin": "Dark Charge",
    "EPalWazaID::DarkLaser": "Dark Laser",
    "EPalWazaID::DarkLegion": "Dark Whisp",
    "EPalWazaID::Unique_BlackGriffon_TackleLaser": "Divine Disaster",
    "EPalWazaID::DragonBreath": "Draconic Breath",
    "EPalWazaID::DragonWave": "Dragon Burst",
    "EPalWazaID::DragonCanon": "Dragon Cannon",
    "EPalWazaID::DragonMeteor": "Dragon Meteor",
    "EPalWazaID::Unique_Grassmammoth_Earthquake": "Earth Impact",
    "EPalWazaID::ThunderBall": "Electric Ball",
    "EPalWazaID::Unique_CaptainPenguin_BodySlide": "Emperor Slide",
    "EPalWazaID::Unique_Garm_Bite": "Fierce Fang",
    "EPalWazaID::FireBall": "Fire Ball",
    "EPalWazaID::FlareArrow": "Flare Arrow",
    "EPalWazaID::FlareTornado": "Flare Storm",
    "EPalWazaID::Unique_Alpaca_Tackle": "Fluffy Tackle",
    "EPalWazaID::Unique_RobinHood_BowSnipe": "Focus Shot",
    "EPalWazaID::Unique_Anubis_Tackle": "Forceful Charge",
    "EPalWazaID::Unique_IceDeer_IceHorn": "Freezing Charge",
    "EPalWazaID::Unique_VolcanicMonster_Ice_IceAttack": "Frost Burst",
    "EPalWazaID::Unique_Eagle_GlidingNail": "Gale Claw",
    "EPalWazaID::Unique_HerculesBeetle_BeetleTackle": "Giga Horn",
    "EPalWazaID::GrassTornado": "Grass Tornado",
    "EPalWazaID::Unique_Gorilla_GroundPunch": "Ground Pound",
    "EPalWazaID::Unique_Anubis_GroundPunch": "Ground Smash",
    "EPalWazaID::Unique_Baphomet_SwallowKite": "Hellfire Claw",
    "EPalWazaID::AquaJet": "Hydro Jet",
    "EPalWazaID::HydroPump": "Hydro Laser",
    "EPalWazaID::Unique_Ronin_Iai": "Iaigiri",
    "EPalWazaID::IceMissile": "Ice Missile",
    "EPalWazaID::BlizzardLance": "Iceberg",
    "EPalWazaID::IceBlade": "Icicle Cutter",
    "EPalWazaID::FireBlast": "Ignis Blast",
    "EPalWazaID::Flamethrower": "Ignis Breath",
    "EPalWazaID::Inferno": "Ignis Rage",
    "EPalWazaID::Unique_FireKirin_Tackle": "Ignis Slam",
    "EPalWazaID::SelfDestruct": "Implode",
    "EPalWazaID::Intimidate": "Intimidate",
    "EPalWazaID::Unique_Werewolf_Scratch": "Jumping Claw",
    "EPalWazaID::Unique_ThunderDragonMan_ThunderSwordAttack": "Kerauno",
    "EPalWazaID::Unique_KingAlpaca_BodyPress": "Kingly Slam",
    "EPalWazaID::Thunderbolt": "Lightning Bolt",
    "EPalWazaID::Unique_ElecPanda_ElecScratch": "Lightning Claw",
    "EPalWazaID::ThunderRain": "Lightning Rain",
    "EPalWazaID::LineThunder": "Lightning Streak",
    "EPalWazaID::LightningStrike": "Lightning Strike",
    "EPalWazaID::Unique_Kirin_LightningTackle": "Lightning Tackle",
    "EPalWazaID::LockonLaser": "Lock-on Laser",
    "EPalWazaID::SelfExplosion": "Megaton Implode",
    "EPalWazaID::SpecialCutter": "Multicutter",
    "EPalWazaID::Unique_SakuraSaurus_SideTackle": "Muscle Slam",
    "EPalWazaID::Unique_FairyDragon_FairyTornado": "Mystic Whirlwind",
    "EPalWazaID::ShadowBall": "Nightmare Ball",
    "None": "None",
    "EPalWazaID::HyperBeam": "Pal Blast",
    "EPalWazaID::Unique_DarkCrow_TelePoke": "Phantom Peck",
    "EPalWazaID::Unique_Horus_FlareBird": "Phoenix Flare",
    "EPalWazaID::ThunderFunnel": "Plasma Tornado",
    "EPalWazaID::PoisonShot": "Poison Blast",
    "EPalWazaID::PoisonFog": "Poison Fog",
    "EPalWazaID::PowerBall": "Power Bomb",
    "EPalWazaID::PowerShot": "Power Shot",
    "EPalWazaID::Psychokinesis": "Psycho Gravity",
    "EPalWazaID::Human_Punch": "Punch",
    "EPalWazaID::Unique_PinkCat_CatPunch": "Punch Flurry",
    "EPalWazaID::Unique_Boar_Tackle": "Reckless Charge",
    "EPalWazaID::RockLance": "Rock Lance",
    "EPalWazaID::Unique_WeaselDragon_FlyingTackle": "Rocket Slam",
    "EPalWazaID::Unique_SheepBall_Roll": "Roly Poly",
    "EPalWazaID::MudShot": "Sand Blast",
    "EPalWazaID::SandTornado": "Sand Tornado",
    "EPalWazaID::SeedMachinegun": "Seed Machine Gun",
    "EPalWazaID::SeedMine": "Seed Mine",
    "EPalWazaID::DarkWave": "Shadow Burst",
    "EPalWazaID::Unique_DrillGame_ShellAttack": "Shell Spin",
    "EPalWazaID::ElecWave": "Shockwave",
    "EPalWazaID::SolarBeam": "Solar Blast",
    "EPalWazaID::SpreadPulse": "Spark Blast",
    "EPalWazaID::Unique_SaintCentaur_OneSpearRushes": "Spear Thrust",
    "EPalWazaID::RootAttack": "Spine Vine",
    "EPalWazaID::Unique_QueenBee_SpinLance": "Spinning Lance",
    "EPalWazaID::Unique_Anubis_LowRoundKick": "Spinning Roundhouse",
    "EPalWazaID::FireSeed": "Spirit Fire",
    "EPalWazaID::GhostFlame": "Spirit Flame",
    "EPalWazaID::StoneShotgun": "Stone Blast",
    "EPalWazaID::ThrowRock": "Stone Cannon",
    "EPalWazaID::Unique_BluePlatypus_Toboggan": "Surfing Slam",
    "EPalWazaID::Unique_HawkBird_Storm": "Tornado Attack",
    "EPalWazaID::ThreeThunder": "Tri-Lightning",
    "EPalWazaID::Unique_BlackCentaur_TwoSpearRushes": "Twin Spears",
    "EPalWazaID::Unique_VolcanicMonster_MagmaAttack": "Volcanic Burst",
    "EPalWazaID::WindCutter": "Wind Cutter",
    "EPalWazaID::WaterWave": "en Text",
    "EPalWazaID::Unique_NightLady_FlameNightmare": "Flame Waltz",
    "EPalWazaID::Unique_NightLady_WarpBeam": "Nightmare Bloom",
    "EPalWazaID::Unique_NightLady_WarpBeam_Straight": "Nightmare Ray",
    "EPalWazaID::DarkCanon": "Dark Cannon",
    "EPalWazaID::DarkPulse": "Umbral Surge",
    "EPalWazaID::DarkArrow": "Dark Arrow",
    "EPalWazaID::Apocalypse": "Apocalypse",
    "EPalWazaID::IcicleLine": "Icicle Line",
    "EPalWazaID::FlareTwister": "Flare Twister",
    "EPalWazaID::WindEdge": "Wind Edge",
    "EPalWazaID::RaidCutter": "Raid Cutter",
    "EPalWazaID::IceAge": "Absolute Frost",
    "EPalWazaID::DoubleIcicleThrow": "Double Blizzard Spike",
    "EPalWazaID::IciclePierce": "Icicle Bullet",
    "EPalWazaID::ChaosLaser": "Chaos Laser",
    "EPalWazaID::BubbleShower": "Poison Shower",
    "EPalWazaID::ShokeiLaser": "Lethal Laser",
    "EPalWazaID::Railbolt": "Thunder Rail",
    "EPalWazaID::RangeThunder": "All Range Thunder",
    "EPalWazaID::SandTwister": "Sand Twister",
    "EPalWazaID::FlameFunnel": "Flame Funnel",
    "EPalWazaID::ThunderStorm": "Thunderstorm",
    "EPalWazaID::TriSpark": "TriSpark",
    "EPalWazaID::WallSplash": "Curtain Splash",
    "EPalWazaID::AirBlade": "Air Blade",
    "EPalWazaID::FlameWall": "Flame Wall",
    "EPalWazaID::HolyBlast": "Holy Burst",
    "EPalWazaID::Eruption": "Volcanic Rain",
    "EPalWazaID::CommetRain": "Meteor Rain",
    "EPalWazaID::ThreeCommet": "Comet Barrage",
    "EPalWazaID::BlastCanon": "Blast Cannon",
    "EPalWazaID::ChargeCanon": "Charge Cannon",
    "EPalWazaID::LineGeyser": "Splash",
    "EPalWazaID::RootLance": "Circle Vine",
    "EPalWazaID::StarMine": "Star Mine",
    "EPalWazaID::DiamondFall": "Diamond Rain",
    "EPalWazaID::BeamSlicer": "Beam Slicer",
    "EPalWazaID::Tremor": "Rockburst",
    "EPalWazaID::Commet": "Comet Strike",
    "EPalWazaID::Unique_DarkScorpion_Pierce": "Upper Smash",
    "EPalWazaID::Unique_FeatherOstrich_Tossin": "Earth Dash",
    "EPalWazaID::Unique_SifuDog_Counter": "Wholehearted Stance",
    "EPalWazaID::Unique_WingGolem_RoundCutter": "Ground Cutter",
    "EPalWazaID::Unique_MoonQueen_MoonBlade": "Seigetsu Blade",
    "EPalWazaID::Unique_MoonQueen_MoonBeam": "Moonlight Beam",
    "EPalWazaID::Unique_DarkAlien_JumpScractch": "Evil Slash",
    "EPalWazaID::Unique_KingBahamut_ArmSmash": "Brawn Impact",
    "EPalWazaID::Unique_KingBahamut_AirCrash": "Magna Crush",
    "EPalWazaID::Unique_ThunderBird_ThunderStorm": "Lightning Dive",
    "EPalWazaID::Unique_Manticore_InfernoStrike": "Volcanic Fang",
    "EPalWazaID::Unique_BlackGriffon_TackleLaser2": "Divine Distater II",
    "EPalWazaID::Unique_Horus_PerfectStorm": "Raging Flame Wave",
    "EPalWazaID::Unique_MoonQueen_IceMoonBlade": "Seigetsu Blade II",
    "EPalWazaID::Unique_ElecPanda_GatlingAttack": "Heavy Thunder Tank",
    "EPalWazaID::Unique_ThunderDragonMan_NumerousSwordAttack": "Polykeraunos",
    "EPalWazaID::Unique_LilyQueen_WindBarrier": "Wind Barrier",
    "EPalWazaID::TripleCannon": "Triple Cannon",
    "EPalWazaID::TidalWave": "Tidal Wave",
    "EPalWazaID::Throw": "Throw",
    "EPalWazaID::Scratch": "Scratch",
    "EPalWazaID::WorkAttack": "Work Attack",
    "EPalWazaID::SnowStorm": "Snow Storm",
    "EPalWazaID::EnergyShot": "Energy Shot",
    "EPalWazaID::Funnel_RaijinDaughter": "Dazzi Turret?",
    "EPalWazaID::Funnel_DreamDemon": "Daedream Turret?",
    "EPalWazaID::DarkTornado": "Dark Tornado",
    "EPalWazaID::Unique_LilyQueen_LilyHealing": "Bountiful Protection",
    "EPalWazaID::Unique_ScorpionMan_Uppercut": "Uppercut",
    "EPalWazaID::WaterBalloon": "WaterBalloon",
    "EPalWazaID::GrassTyphoon": "GrassTyphoon",
    "EPalWazaID::SeedShotgun": "SeedShotgun"
}
