{
    "Alpaca": "Melpaca",
    "AmaterasuWolf": "Kitsun",
    "Anubis": "Anubis",
    "Baphomet": "Incineram",
    "Baphomet_Dark": "Incineram Noct",
    "Bastet": "Mau",
    "Bastet_Ice": "Mau Cryst",
    "BerryGoat": "Caprity",
    "BirdDragon": "Vanwyrm",
    "BirdDragon_Ice": "Vanwyrm Cryst",
    "BlackCentaur": "Necromus",
    "BlackGriffon": "Shadowbeak",
    "BlackMetalDragon": "Astegon",
    "BlueDragon": "Azurobe",
    "BluePlatypus": "Fuack",
    "Boar": "Rushoar",
    "CaptainPenguin": "Penking",
    "Carbunclo": "Lifmunk",
    "CatBat": "Tombat",
    "CatMage": "Katress",
    "CatVampire": "Felbat",
    "ChickenPal": "Chikipi",
    "ColorfulBird": "Tocotoco",
    "CowPal": "Mozzarina",
    "CuteButterfly": "Cinnamoth",
    "CuteFox": "Vixy",
    "CuteMole": "Fuddler",
    "DarkCrow": "Cawgnito",
    "DarkScorpion": "Menasting",
    "Deer": "Eikthyrdeer",
    "Deer_Ground": "Eikthyrdeer Terra",
    "DreamDemon": "Daedream",
    "DrillGame": "Digtoise",
    "Eagle": "Galeclaw",
    "ElecCat": "Sparkit",
    "ElecPanda": "Grizzbolt",
    "FairyDragon": "Elphidran",
    "FairyDragon_Water": "Elphidran Aqua",
    "FengyunDeeper": "Fenglope",
    "FireKirin": "Pyrin",
    "FireKirin_Dark": "Pyrin Noct",
    "FlameBambi": "Rooby",
    "FlameBuffalo": "Arsox",
    "FlowerDinosaur": "Dinossom",
    "FlowerDinosaur_Electric": "Dinossom Lux",
    "FlowerDoll": "Petallia",
    "FlowerRabbit": "Flopie",
    "FlyingManta": "Celaray",
    "FoxMage": "Wixen",
    "Ganesha": "Teafant",
    "Garm": "Direhowl",
    "GhostBeast": "Maraith",
    "Gorilla": "Gorirat",
    "GrassMammoth": "Mammorest",
    "GrassMammoth_Ice": "Mammorest Cryst",
    "GrassPanda": "Mossanda",
    "GrassPanda_Electric": "Mossanda Lux",
    "GrassRabbitMan": "Verdash",
    "HadesBird": "Helzephyr",
    "HawkBird": "Nitewing",
    "Hedgehog": "Jolthog",
    "Hedgehog_Ice": "Jolthog Cryst",
    "HerculesBeetle": "Warsect",
    "Horus": "Faleris",
    "IceDeer": "Reindrix",
    "IceFox": "Foxcicle",
    "IceHorse": "Frostallion",
    "IceHorse_Dark": "Frostallion Noct",
    "JetDragon": "Jetragon",
    "Kelpie": "Kelpsea",
    "Kelpie_Fire": "Kelpsea Ignis",
    "KingAlpaca": "Kingpaca",
    "KingAlpaca_Ice": "Kingpaca Cryst",
    "KingBahamut": "Blazamut",
    "Kirin": "Univolt",
    "Kitsunebi": "Foxparks",
    "LavaGirl": "Flambelle",
    "LazyCatfish": "Dumud",
    "LazyDragon": "Relaxaurus",
    "LazyDragon_Electric": "Relaxaurus Lux",
    "LilyQueen": "Lyleen",
    "LilyQueen_Dark": "Lyleen Noct",
    "LittleBriarRose": "Bristla",
    "LizardMan": "Leezpunk",
    "LizardMan_Fire": "Leezpunk Ignis",
    "Manticore": "Blazehowl",
    "Manticore_Dark": "Blazehowl Noct",
    "Monkey": "Tanzee",
    "MopBaby": "Swee",
    "MopKing": "Sweepa",
    "Mutant": "Lunaris",
    "NaughtyCat": "Grintale",
    "NegativeKoala": "Depresso",
    "NegativeOctopus": "Killamari",
    "NightFox": "Nox",
    "Penguin": "Pengullet",
    "PinkCat": "Cattiva",
    "PinkLizard": "Lovander",
    "PinkRabbit": "Ribbuny",
    "PlantSlime": "Gumoss",
    "PlantSlime_Flower": "Gumoss (Special)",
    "QueenBee": "Elizabee",
    "RaijinDaughter": "Dazzi",
    "RedArmorBird": "Ragnahawk",
    "RobinHood": "Robinquill",
    "RobinHood_Ground": "Robinquill Terra",
    "Ronin": "Bushi",
    "SaintCentaur": "Paladius",
    "SakuraSaurus": "Broncherry",
    "SakuraSaurus_Water": "Broncherry Aqua",
    "Serpent": "Surfent",
    "Serpent_Ground": "Surfent Terra",
    "SharkKid": "Gobfin",
    "SharkKid_Fire": "Gobfin Ignis",
    "Sheepball": "Lamball",
    "SkyDragon": "Quivern",
    "SoldierBee": "Beegarde",
    "Suzaku": "Suzaku",
    "Suzaku_Water": "Suzaku Aqua",
    "SweetsSheep": "Woolipop",
    "ThunderBird": "Beakon",
    "ThunderDog": "Rayhound",
    "ThunderDragonMan": "Orserk",
    "Umihebi": "Jormuntide",
    "Umihebi_Fire": "Jormuntide Ignis",
    "VioletFairy": "Vaelet",
    "VolcanicMonster": "Reptyro",
    "VolcanicMonster_Ice": "Reptyro Cryst",
    "WeaselDragon": "Chillet",
    "Werewolf": "Loupmoon",
    "WhiteMoth": "Sibelyx",
    "WhiteTiger": "Cryolinx",
    "WindChimes": "Hangyu",
    "WindChimes_Ice": "Hangyu Cryst",
    "WizardOwl": "Hoocrates",
    "WoolFox": "Cremis",
    "Yeti": "Wumpo",
    "Yeti_Grass": "Wumpo Botan",
    "BlackFurDragon": "Dragostrophe",
    "ElecLion": "Boltmane",
    "DarkMutant": "Dark Mutant",
    "NightLady": "Bellanoir",
    "NightLady_Dark": "Bellanoir Libero",

    "GYM_ThunderDragonMan": "Axel & Orserk",
    "GYM_LilyQueen": "Lily & Lyleen",
    "GYM_Horus": "Marcus & Faleris",
    "GYM_BlackGriffon": "Victor & Shadowbeak",
    "GYM_ElecPanda": "Zoe & Grizzbolt",

    "Male_DarkTrader01": "Black Marketeer",
    "Male_DarkTrader02": "Medal Trader",

    "FireCult_FlameThrower": "Brothers of the Eternal Pyre Martyr",
    "FireCult_Rifle": "Brothers of the Eternal Pyre Rifleman",

    "Male_Soldier01": "Burly Merc",
    "Male_Soldier02": "Newbie Pal Tamer",
    "Male_Soldier03": "Cruel Pal Tamer",
    "Male_Soldier04": "Vigorous Pal Tamer",
    "Female_Soldier01": "Expedition Survivor",
    "Female_Soldier02": "Up and Coming Pal Tamer",
    "Female_Soldier03": "Veteran Pal Tamer",
    "Female_Soldier04": "Master Pal Tamer",

    "Believer_CrossBow": "Free Pal Alliance Devout",
    "Believer_Bat": "Free Pal Alliance Thug",
    "Believer_Fat_GatlingGun": "Free Pal Alliance Crusher",

    "Male_Scientist01_LaserRifle": "PAL Genetic Research Unit Executioner",
    "Scientist_FlameThrower": "PAL Genetic Research Unit Executioner Flamethrower",

    "PalDealer": "Pal Merchant",
    "RandomEventShop": "Pal Merchant (Wandering)",
    "Male_Trader01": "Shady Pal Merchant",

    "Police_Handgun": "PIDF Guard",

    "Hunter_Bat": "Syndicate Thug (Bat)",
    "Hunter_FlameThrower": "Syndicate Cleaner",
    "Hunter_Fat_GatlingGun": "Syndicate Crusher",
    "Hunter_RocketLauncher": "Syndicate Elite",
    "Hunter_Grenade": "Syndicate Grenadier",
    "Hunter_Rifle": "Syndicate Gunner",
    "Hunter_Shotgun": "Syndicate Hunter",
    "Hunter_Handgun": "Syndicate Thug (Handgun)",
    "Hunter_GrenadeLauncher": "Syndicate Veteran",
    "Hunter_MissileLauncher": "Syndicate Interceptor",

    "SalesPerson": "Wandering Merchant",
    "SalesPerson_Desert": "Wandering Merchant (Desert)",
    "SalesPerson_Desert2": "Wandering Merchant (Desert)",
    "SalesPerson_Volcano": "Wandering Merchant (Volcano)",
    "SalesPerson_Volcano2": "Wandering Merchant (Volcano)",
    "SalesPerson_Wander": "Traveling Merchant",
    "Female_DesertPeople02": "Female Villager",
    "Female_People02": "Female Villager",
    "Female_People03": "Female Villager",
    "Male_DesertPeople01": "Male Villager",
    "Male_People02": "Male Villager",
    "Male_People03": "Male Villager",
    "Male_Police_old": "Reincarnated Guy",
    "MobuCitizen": "Islander",
    "MobuCitizen_Male": "Male Islander",
    "Guard_Rifle": "Guard",
    "Guard_Shotgun": "PIDF Goody Two-Shoes",
    "PalDealer_Desert": "Pal Merchant (Desert)",
    "PalDealer_Volcano": "Pal Merchant (Volcano)",

    "Police_Rifle": "PIDF Infantry",
    "Police_Shotgun": "PIDF Elite",

    "Male_Ninja01": "Moonflower Genin",
    "Male_NinjaElite01": "Moonflower Jonin",

    "FireCult_FlameThrower_Invader": "Invader- Brothers of the Eternal Pyre Martyr",
    "FireCult_Rifle_Invader": "Invader- Brothers of the Eternal Pyre Rifleman",

    "Believer_CrossBow_Invader": "Invader- Free Pal Alliance Devout",
    "Believer_Bat_Invader": "Invader- Free Pal Alliance Thug",

    "Male_Scientist01_LaserRifle_Invader": "Invader- PAL Genetic Research Unit Executioner",
    "Scientist_FlameThrower_Invader": "Invader- PAL Genetic Research Unit Executioner Flamethrower",

    "Hunter_Bat_Invader": "Invader- Syndicate Thug (Bat)",
    "Hunter_Handgun_Invader": "Invader- Syndicate Thug (Handgun)",
    "Hunter_Rifle_Invader": "Invader- Syndicate Gunner",
    "Hunter_Shotgun_Invader": "Invader- Syndicate Hunter",
    "Hunter_Grenade_Invader": "Invader- Syndicate Grenadier",
    "Hunter_Fat_GatlingGun_Invader": "Invader- Syndicate Crusher",
    "Hunter_FlameThrower_Invader": "Invader- Syndicate Cleaner",
    "Hunter_RocketLauncher_Invader": "Invader- Syndicate Elite",

    "Hunter_Rifle_Oilrig": "OilRig- Syndicate Gunner",
    "Hunter_Shotgun_Oilrig": "OilRig- Syndicate Hunter",
    "Hunter_Grenade_Oilrig": "OilRig- Syndicate Grenadier",
    "Hunter_Fat_GatlingGun_Oilrig": "OilRig- Syndicate Crusher",
    "Hunter_FlameThrower_Oilrig": "OilRig- Syndicate Cleaner",
    "Hunter_GrenadeLauncher_Oilrig": "OilRig- Syndicate Veteran",
    "Hunter_RocketLauncher_Oilrig": "OilRig- Syndicate Elite",
    "Hunter_MissileLauncher_Oilrig": "OilRig- Syndicate Interceptor",

    "Hunter_Fat_GatlingGun_Tower": "Tower- Syndicate Crusher",
    "Believer_CrossBow_Tower": "Tower- Free Pal Alliance Devout",
    "Police_Rifle_Tower": "Tower- PIDF Infantry",
    "Police_Shotgun_Tower": "Tower- PIDF Elite",
    "Ninja01_Tower": "Tower- Moonflower Genin",
    "NinjaElite01_Tower": "Tower- Moonflower Jonin",

    "GYM_BlackGriffon_2_Avatar": "Victor & Shadowbeak Avatar",

    "GYM_MoonQueen_2_Servant": "Selyne Servant",

    "GYM_ThunderDragonMan_2": "Axel & Orserk (HardMode)",
    "GYM_LilyQueen_2": "Lily & Lyleen (HardMode)",
    "GYM_Horus_2": "Marcus & Faleris (HardMode)",
    "GYM_BlackGriffon_2": "Victor & Shadowbeak (HardMode)",
    "GYM_ElecPanda_2": "Zoe & Grizzbolt (HardMode)",
    "GYM_MoonQueen_2": "Saya & Selyne (HardMode)",

    "Gorilla_Ground": "Gorirat Terra",
    "WeaselDragon_Fire": "Chillet Ignis",
    "Ronin_Dark": "Bushi Noct",
    "CatMage_Fire": "Katress Ignis",
    "FoxMage_Dark": "Wixen Noct",
    "HerculesBeetle_Ground": "Warsect Terra",
    "SkyDragon_Grass": "Quivern Botan",
    "KingBahamut_Dragon": "Blazamut Ryu",
    "HadesBird_Electric": "Helzephyr Lux",
    "DarkScorpion_Ground": "Menasting Terra",

    "MoonQueen": "Selyne",
    "GYM_MoonQueen": "Saya & Selyne",

    "KendoFrog": "Croajiro",
    "LeafPrincess": "Lullu",
    "MushroomDragon": "Shroomer",
    "MushroomDragon_Dark": "Shroomer Dark",
    "SmallArmadillo": "Kikit",
    "CandleGhost": "Sootseer",
    "ScorpionMan": "Prixter",
    "WingGolem": "Knocklem",
    "GuardianDog": "Yakumo",
    "SifuDog": "Dogen",
    "FeatherOstrich": "Dazemu",
    "MimicDog": "Mimog",
    "DarkAlien": "Xenovader",
    "WhiteAlienDragon": "Xenogard",

    "RAID_NightLady": "Bellanoir (Raid)",
    "RAID_NightLady_Dark": "Bellanoir Libero (Raid)",
    "RAID_NightLady_Dark_2": "Bellanoir Libero (Ultra)",
    "RAID_KingBahamut_Dragon": "Blazamut Ryu (Raid)",
    "RAID_KingBahamut_Dragon_2": "Blazamut Ryu (Ultra)"

}
