{
    "UNKNOWN": {
        "Name": "Unknown",
        "Description": " does not exist or is not in our database yet"
    },
    "NONE": {
        "Name": "None",
        "Description": "The pal has no skill in this slot"
    },
    "ElementResist_Normal_1_PAL": {
        "Name": "Abnormal",
        "Description": "-10% damage received from Neutral attacks"
    },
    "ElementResist_Dark_1_PAL": {
        "Name": "Cheery",
        "Description": "-10% damage received from Dark attacks"
    },
    "ElementResist_Dragon_1_PAL": {
        "Name": "Dragonkiller",
        "Description": "-10% damage received from Dragon attacks"
    },
    "ElementResist_Ice_1_PAL": {
        "Name": "Heated Body",
        "Description": "-10% damage received from Ice attacks"
    },
    "ElementResist_Fire_1_PAL": {
        "Name": "Suntan Lover",
        "Description": "-10% damage received from Fire attacks"
    },
    "ElementResist_Leaf_1_PAL": {
        "Name": "Botanical Barrier",
        "Description": "-10% damage received from Grass attacks"
    },
    "ElementResist_Earth_1_PAL": {
        "Name": "Earthquake Resistant",
        "Description": "-10% damage received from Ground attacks"
    },
    "ElementResist_Thunder_1_PAL": {
        "Name": "Insulated Body",
        "Description": "-10% damage received from Electric attacks"
    },
    "ElementResist_Aqua_1_PAL": {
        "Name": "Waterproof",
        "Description": "-10% damage received from Water attacks"
    },
    "ElementBoost_Normal_1_PAL": {
        "Name": "Zen Mind",
        "Description": "+10% damage dealt with Neutral attacks"
    },
    "ElementBoost_Dark_1_PAL": {
        "Name": "Veil of Darkness",
        "Description": "+10% damage dealt with Dark attacks"
    },
    "ElementBoost_Dragon_1_PAL": {
        "Name": "Blood of the Dragon",
        "Description": "+10% damage dealt with Dragon attacks"
    },
    "ElementBoost_Ice_1_PAL": {
        "Name": "Coldblooded",
        "Description": "+10% damage dealt with Ice attacks"
    },
    "ElementBoost_Fire_1_PAL": {
        "Name": "Pyromaniac",
        "Description": "+10% damage dealt with Fire attacks"
    },
    "ElementBoost_Leaf_1_PAL": {
        "Name": "Fragrant Foliage",
        "Description": "+10% damage dealt with Grass attacks"
    },
    "ElementBoost_Earth_1_PAL": {
        "Name": "Power of Gaia",
        "Description": "+10% damage dealt with Ground attacks"
    },
    "ElementBoost_Thunder_1_PAL": {
        "Name": "Capacitor",
        "Description": "+10% damage dealt with Electric attacks"
    },
    "ElementBoost_Aqua_1_PAL": {
        "Name": "Hydromaniac",
        "Description": "+10% damage dealt with Water attacks"
    },
    "ElementBoost_Normal_2_PAL": {
        "Name": "Celestial Emperor",
        "Description": "+20% damage dealt with Neutral attacks; Paladius' signature ability"
    },
    "ElementBoost_Dark_2_PAL": {
        "Name": "Lord of the Underworld",
        "Description": "+20% damage dealt with Dark attacks; Necromus' signature ability"
    },
    "ElementBoost_Dragon_2_PAL": {
        "Name": "Divine Dragon",
        "Description": "+20% damage dealt with Dragon attacks; Jetragon's signature ability"
    },
    "ElementBoost_Ice_2_PAL": {
        "Name": "Ice Emperor",
        "Description": "+20% damage dealt with Ice attacks; Frostallion's signature ability"
    },
    "ElementBoost_Fire_2_PAL": {
        "Name": "Flame Emperor",
        "Description": "+20% damage dealt with Fire attacks; Blazamut's signature ability"
    },
    "ElementBoost_Leaf_2_PAL": {
        "Name": "Spirit Emperor",
        "Description": "+20% damage dealt with Grass attacks; Lyleen's signature ability"
    },
    "ElementBoost_Earth_2_PAL": {
        "Name": "Earth Emperor",
        "Description": "+20% damage dealt with Ground attacks; Anubis' signature ability"
    },
    "ElementBoost_Thunder_2_PAL": {
        "Name": "Lord of Lightning",
        "Description": "+20% damage dealt with Electric attacks; Orserk's signature ability"
    },
    "ElementBoost_Aqua_2_PAL": {
        "Name": "Lord of the Sea",
        "Description": "+20% damage dealt with Water attacks; Jormuntide's signature ability"
    },
    "PAL_ALLAttack_up1": {
        "Name": "Brave",
        "Description": "+10% to Attack stat"
    },
    "PAL_ALLAttack_up2": {
        "Name": "Ferocious",
        "Description": "+20% to Attack stat"
    },
    "PAL_ALLAttack_down1": {
        "Name": "Coward",
        "Description": "-10% to Attack stat"
    },
    "PAL_ALLAttack_down2": {
        "Name": "Pacifist",
        "Description": "-20% to Attack stat"
    },
    "Deffence_up1": {
        "Name": "Hard Skin",
        "Description": "+10% to Defence stat"
    },
    "Deffence_up2": {
        "Name": "Burly Body",
        "Description": "+20% to Defence stat"
    },
    "Deffence_down1": {
        "Name": "Downtrodden",
        "Description": "-10% to Defence stat"
    },
    "Deffence_down2": {
        "Name": "Brittle",
        "Description": "-20% to Defence stat"
    },
    "TrainerMining_up1": {
        "Name": "Mine Foreman",
        "Description": "+25% to Player mining efficiency"
    },
    "TrainerLogging_up1": {
        "Name": "Logging Foreman",
        "Description": "+25% to Player logging efficiency"
    },
    "TrainerATK_UP_1": {
        "Name": "Vanguard",
        "Description": "+10% to Player attack stat"
    },
    "TrainerWorkSpeed_UP_1": {
        "Name": "Motivational Leader",
        "Description": "+25% to Player move speed"
    },
    "TrainerDEF_UP_1": {
        "Name": "Stronghold Strategist",
        "Description": "+10% to Player defence stat"
    },
    "PAL_Sanity_Down_1": {
        "Name": "Positive Thinker",
        "Description": "Sanity drops 10% slower"
    },
    "PAL_Sanity_Down_2": {
        "Name": "Workaholic",
        "Description": "Sanity drops 15% slower"
    },
    "PAL_Sanity_Up_1": {
        "Name": "Unstable",
        "Description": "Sanity drops 10% faster"
    },
    "PAL_Sanity_Up_2": {
        "Name": "Destructive",
        "Description": "Sanity drops 15% faster"
    },
    "PAL_FullStomach_Down_1": {
        "Name": "Dainty Eater",
        "Description": "Hunger drops 10% slower"
    },
    "PAL_FullStomach_Down_2": {
        "Name": "Diet Lover",
        "Description": "Chance to lose hunger -15%"
    },
    "PAL_FullStomach_Up_1": {
        "Name": "Glutton",
        "Description": "Hunger drops 10% faster"
    },
    "PAL_FullStomach_Up_2": {
        "Name": "Bottomless Stomach",
        "Description": "Hunger drops 15% faster"
    },
    "CraftSpeed_up1": {
        "Name": "Serious",
        "Description": "+20% work speed"
    },
    "CraftSpeed_up2": {
        "Name": "Artisan",
        "Description": "+50% work speed"
    },
    "CraftSpeed_down1": {
        "Name": "Clumsy",
        "Description": "-10% work speed"
    },
    "CraftSpeed_down2": {
        "Name": "Slacker",
        "Description": "-30% work speed"
    },
    "MoveSpeed_up_1": {
        "Name": "Nimble",
        "Description": "+10% movement speed"
    },
    "MoveSpeed_up_2": {
        "Name": "Runner",
        "Description": "+20% movement speed"
    },
    "MoveSpeed_up_3": {
        "Name": "Swift",
        "Description": "+30% movement speed"
    },
    "PAL_CorporateSlave": {
        "Name": "Work Slave",
        "Description": "+30% work speed, -30% attack"
    },
    "PAL_rude": {
        "Name": "Hooligan",
        "Description": "+15% attack, -10% work speed"
    },
    "Noukin": {
        "Name": "Musclehead",
        "Description": "+30% attack, -50% work speed"
    },
    "PAL_oraora": {
        "Name": "Aggressive",
        "Description": "+10% attack, -20% defence"
    },
    "PAL_conceited": {
        "Name": "Conceited",
        "Description": "+10% work speed, -20% defence"
    },
    "PAL_masochist": {
        "Name": "Masochist",
        "Description": "+15% defence, -15% attack"
    },
    "PAL_sadist": {
        "Name": "Sadist",
        "Description": "+15% attack, +15% defence"
    },
    "Rare": {
        "Name": "Lucky",
        "Description": "+15% attack, +15% work speed"
    },
    "Legend": {
        "Name": "Legend",
        "Description": "+20% attack, +20% defence, +15% move speed"
    },
    "Witch": {
        "Name": "Siren of the Void",
        "Description": "+20% damage dealt with Ice and Dark attacks; Bellanoir Libero's signature ability"
    },
    "Stamina_Up_1": {
        "Name": "Infinite Stamina",
        "Description": "Max Stamina +50% (This effect is only valid for rideable pals.)"
    },
    "SalePrice_Up_1": {
        "Name": "Noble",
        "Description": "+5% Sell price"
    },
    "CoolTimeReduction_Up_1": {
        "Name": "Serenity",
        "Description": "Active skill cooldown reduction 30% Attack +10% "
    },
    "NonKilling": {
        "Name": "Mercy hit",
        "Description": "will not reduce the target's health below 1"
    },
    "SalePrice_Up_2": {
        "Name": "Fine Furs",
        "Description": "Sale price 3% "
    },
    "CoolTimeReduction_Up_2": {
        "Name": "Impatient",
        "Description": "Active skill cooldown reduction 15%"
    },
    "Stamina_Up_2": {
        "Name": "Fit as a Fiddle",
        "Description": "Max Stamina +25% (This effect is only valid for rideable pals.)"
    },
    "Nocturnal": {
        "Name": "Nocturnal",
        "Description": "The Pal does not sleep at night and continues to work. "
    },
    "SalePrice_Down_1": {
        "Name": "Shabby",
        "Description": "Sale price -10%"
    },
    "Test_PalEgg_HatchingSpeed_Up": {
        "Name": "Philantropist",
        "Description": "When assigned to a Breeding Farm, egg production time is reduced by 100%"
    },
    "Stamina_Down_1": {
        "Name": "Sickly",
        "Description": "-25% max Stamina"
    },
    "CoolTimeReduction_Down_1": {
        "Name": "Easygoing",
        "Description": "Active Skill Cooldown extension -15%"
    },
    "EternalFlame": {
        "Name": "Eternal Flame",
        "Description": "+30% damage dealt with Fire and Lightning damage"
    },
    "Alien": {
        "Name": "Otherworldly Cells",
        "Description": "Attack +10%; -15% damage received from Fire and Lightning damage"
    }
}