{
  "language": "English",
  "player_lbl": "Player:",
  "atk_lbl": "Equipped",
  "clone_lbl": "Cloning Tools",
  "stat_lbl": "Stats",
  "health_lbl": "Health",
  "attack_lbl": "Attack",
  "defence_lbl": "Defence",
  "soul_tooltip": "Hero Statue Upgrades",
  "health_soul_lbl": "Health",
  "attack_soul_lbl": "Attack",
  "defence_soul_lbl": "Defence",
  "working_soul_lbl": "Working",
  "electric_lbl": "Electric",
  "dark_lbl": "Dark",
  "lucky_lbl": "Lucky",
  "alpha_lbl": "Alpha",
  "name_prop": "Species",
  "gender_prop": "Gender",
  "mattack_prop": "Physical",
  "sattack_prop": "Magical",
  "defence_prop": "Defence",
  "workspeed_prop": "Workspeed",
  "hp_prop": "HP",
  "rank_prop": "Rank",
  "btn_add_pal": "Add Pal",
  "btn_dump_pal": "Dump Pal",
  "btn_clone_pal": "Clone Pal",
  "preset_lbl": "Presets:",
  "preset_title1": "Utility:",
  "preset_base": "Base",
  "preset_speed_worker": "Speed Worker",
  "preset_speed_runner": "Speed Runner",
  "preset_tank": "Tank",
  "preset_title2": "Damage:",
  "preset_max": "Max",
  "preset_balance": "Balanced",
  "preset_mount": "Mount",
  "preset_element": "Element",
  "preset_title_level": "Set Level:",
  "preset_chg_lvl": "Preset changes level",
  "preset_title_rank": "Set Rank:",
  "preset_change_rank": "Preset changes rank",
  "preset_set_attr": "Set Attributes:",
  "preset_change_attr": "Preset changes attributes",
  "menu_load_save": "Load PalWorld Save",
  "menu_save": "Save Changes To File",
  "menu_export": "Export Pal",
  "menu_import": "Import Pal to selected Player",
  "msg_select_file": "Please select a save file.",
  "msg_disclaim": "The values above are in-game stats; and do not include passive skills",
  "msg_skill": "Hover a skill to see it's description",
  "msg_saving": "Loading save, please be patient...",
  "msg_saving_big": "Saving, please be patient... (it can take up to 5 minutes in large files)",
  "msg_decompressing": "Decompressing save, please be patient...",
  "msg_loading": "Loading GVAS file, please be patient...",
  "msg_writing": "Writing SAV file...",
  "msg_converting": "Converting... this may take a while.",
  "select_file": "Select a file",
  "msg_select_save_file": "Please select a save file.",
  "msg_done": "Done loading!"
}